loan_id,cust_id,loan_amount,loan_term,loan_type,overdue_days,issue_date,is_default,age,income,education,cust_level,register_years
L000001,C000287,1930000,48,消费贷,0,2023-01-01,0,45,28170,本科,普通,2023
L000002,C000355,680000,48,装修贷,0,2023-01-01,0,68,13790,本科,普通,2024
L000003,C000785,4940000,48,消费贷,60,2023-01-02,1,55,42970,本科,普通,2024
L000004,C000476,3050000,12,经营贷,0,2023-01-02,0,23,54870,大专及以下,普通,2023
L000005,C000083,520000,36,消费贷,0,2023-01-03,0,53,65690,大专及以下,金卡,2024
L000006,C000110,3700000,24,装修贷,0,2023-01-04,0,41,29320,大专及以下,普通,2021
L000007,C000950,3630000,36,消费贷,0,2023-01-04,0,25,10680,本科,金卡,2021
L000008,C000190,2850000,36,消费贷,90,2023-01-05,1,61,38190,本科,普通,2020
L000009,C000983,4050000,12,装修贷,0,2023-01-05,0,44,45700,大专及以下,金卡,2025
L000010,C000800,4740000,48,经营贷,0,2023-01-06,0,53,1010,大专及以下,普通,2023
L000011,C000936,3340000,48,经营贷,0,2023-01-07,0,70,28340,大专及以下,金卡,2021
L000012,C000909,90000,12,消费贷,0,2023-01-07,0,35,22130,大专及以下,金卡,2022
L000013,C000251,2510000,12,经营贷,0,2023-01-08,0,28,86770,本科,普通,2021
L000014,C000724,4310000,12,消费贷,0,2023-01-08,0,48,10880,大专及以下,普通,2020
L000015,C000291,3320000,12,消费贷,0,2023-01-09,0,48,74110,大专及以下,普通,2023
L000016,C000645,2980000,12,经营贷,0,2023-01-10,0,65,27040,研究生及以上,普通,2020
L000017,C000201,4350000,24,消费贷,30,2023-01-10,1,69,62660,大专及以下,金卡,2024
L000018,C000797,1840000,36,装修贷,0,2023-01-11,0,45,92270,本科,普通,2023
L000019,C000326,1790000,36,装修贷,3,2023-01-11,0,37,96030,研究生及以上,金卡,2020
L000020,C000511,1980000,36,经营贷,3,2023-01-12,0,70,27670,大专及以下,金卡,2025
L000021,C000409,1280000,48,装修贷,10,2023-01-13,0,20,42240,研究生及以上,普通,2021
L000022,C000607,200000,24,经营贷,30,2023-01-13,1,21,51160,本科,普通,2020
L000023,C000790,4720000,36,消费贷,0,2023-01-14,0,25,98680,大专及以下,普通,2022
L000024,C000962,4110000,48,经营贷,0,2023-01-15,0,68,46850,大专及以下,普通,2020
L000025,C000941,4220000,24,消费贷,0,2023-01-15,0,65,23030,大专及以下,金卡,2023
L000026,C000837,3280000,24,消费贷,0,2023-01-16,0,44,9940,大专及以下,普通,2022
L000027,C000508,650000,48,装修贷,3,2023-01-16,0,42,94740,大专及以下,钻石,2024
L000028,C000731,1820000,24,经营贷,0,2023-01-17,0,36,10330,本科,普通,2023
L000029,C000601,2410000,48,装修贷,10,2023-01-18,0,27,14800,大专及以下,普通,2024
L000030,C000072,3690000,36,消费贷,0,2023-01-18,0,21,75890,大专及以下,钻石,2024
L000031,C000247,240000,48,经营贷,30,2023-01-19,1,49,88660,大专及以下,普通,2022
L000032,C000641,3840000,24,消费贷,0,2023-01-19,0,47,22390,大专及以下,钻石,2022
L000033,C000724,4310000,36,经营贷,0,2023-01-20,0,48,10880,大专及以下,普通,2020
L000034,C000940,4550000,36,经营贷,0,2023-01-21,0,60,98710,大专及以下,钻石,2023
L000035,C000855,830000,12,经营贷,3,2023-01-21,0,70,37650,大专及以下,金卡,2021
L000036,C000608,4700000,12,消费贷,0,2023-01-22,0,70,69810,大专及以下,普通,2022
L000037,C000587,3190000,24,消费贷,60,2023-01-22,1,30,28360,大专及以下,普通,2023
L000038,C000935,1850000,48,消费贷,30,2023-01-23,1,23,61520,大专及以下,普通,2025
L000039,C000566,4390000,48,经营贷,10,2023-01-24,0,49,97550,大专及以下,普通,2022
L000040,C000344,3160000,24,装修贷,0,2023-01-24,0,31,42770,大专及以下,普通,2025
L000041,C000971,990000,36,消费贷,10,2023-01-25,0,23,54420,大专及以下,普通,2022
L000042,C000925,620000,24,经营贷,3,2023-01-25,0,46,63760,本科,普通,2023
L000043,C000054,2860000,24,装修贷,0,2023-01-26,0,67,39120,本科,金卡,2020
L000044,C000730,4770000,36,经营贷,0,2023-01-27,0,43,75240,研究生及以上,普通,2024
L000045,C000528,220000,48,经营贷,0,2023-01-27,0,22,6450,大专及以下,金卡,2025
L000046,C000611,4590000,24,装修贷,0,2023-01-28,0,28,97100,大专及以下,普通,2025
L000047,C000532,2120000,48,消费贷,0,2023-01-29,0,63,91050,大专及以下,普通,2022
L000048,C000558,1260000,24,消费贷,60,2023-01-29,1,62,45940,大专及以下,普通,2025
L000049,C000963,4130000,36,消费贷,0,2023-01-30,0,36,85670,大专及以下,普通,2020
L000050,C000193,4990000,36,装修贷,0,2023-01-30,0,47,38560,本科,普通,2025
L000051,C000895,4250000,12,装修贷,60,2023-01-31,1,40,1010,本科,普通,2023
L000052,C000058,420000,36,经营贷,0,2023-02-01,0,19,17050,大专及以下,普通,2025
L000053,C000437,980000,12,消费贷,10,2023-02-01,0,30,24430,本科,金卡,2025
L000054,C000111,4490000,24,消费贷,0,2023-02-02,0,18,29240,本科,普通,2023
L000055,C000129,310000,48,消费贷,0,2023-02-02,0,25,55680,研究生及以上,普通,2024
L000056,C000849,1580000,36,消费贷,0,2023-02-03,0,34,48800,研究生及以上,普通,2022
L000057,C000706,1120000,36,经营贷,0,2023-02-04,0,22,79130,本科,普通,2020
L000058,C000925,4020000,36,装修贷,0,2023-02-04,0,46,63760,本科,普通,2023
L000059,C000852,2470000,24,装修贷,3,2023-02-05,0,22,48900,本科,普通,2024
L000060,C000326,1220000,12,经营贷,0,2023-02-05,0,37,96030,研究生及以上,金卡,2020
L000061,C000008,2730000,24,消费贷,30,2023-02-06,1,56,69090,本科,普通,2025
L000062,C000029,2940000,48,消费贷,0,2023-02-07,0,29,20760,大专及以下,普通,2023
L000063,C000112,3980000,24,消费贷,0,2023-02-07,0,61,20940,大专及以下,普通,2020
L000064,C000947,4710000,48,经营贷,0,2023-02-08,0,48,10560,大专及以下,钻石,2024
L000065,C000673,4730000,36,装修贷,0,2023-02-08,0,70,54520,本科,钻石,2020
L000066,C000131,2070000,48,消费贷,3,2023-02-09,0,51,91640,本科,普通,2021
L000067,C000188,1100000,48,消费贷,60,2023-02-10,1,45,79630,本科,普通,2023
L000068,C000675,4400000,12,消费贷,3,2023-02-10,0,33,15350,大专及以下,金卡,2022
L000069,C000709,2780000,48,消费贷,0,2023-02-11,0,55,88070,大专及以下,普通,2023
L000070,C000475,4510000,48,消费贷,0,2023-02-12,0,21,67090,大专及以下,普通,2020
L000071,C000364,560000,24,消费贷,0,2023-02-12,0,25,49310,大专及以下,普通,2021
L000072,C000204,3750000,36,消费贷,10,2023-02-13,0,20,86540,大专及以下,普通,2025
L000073,C000212,4030000,24,装修贷,0,2023-02-13,0,68,72470,研究生及以上,普通,2021
L000074,C000621,570000,24,经营贷,0,2023-02-14,0,52,83280,大专及以下,金卡,2024
L000075,C000276,4280000,36,消费贷,0,2023-02-15,0,49,86330,本科,普通,2022
L000076,C000073,4820000,36,消费贷,0,2023-02-15,0,19,87590,本科,普通,2025
L000077,C000679,2910000,48,消费贷,0,2023-02-16,0,59,51840,本科,普通,2025
L000078,C000772,1140000,48,消费贷,0,2023-02-16,0,32,55630,大专及以下,普通,2021
L000079,C000243,3810000,12,消费贷,10,2023-02-17,0,19,36070,研究生及以上,金卡,2024
L000080,C000787,3850000,24,经营贷,30,2023-02-18,1,41,8780,大专及以下,普通,2023
L000081,C000102,3080000,36,经营贷,0,2023-02-18,0,58,99650,大专及以下,普通,2025
L000082,C000987,3410000,48,经营贷,0,2023-02-19,0,39,93060,本科,普通,2020
L000083,C000685,4770000,36,消费贷,0,2023-02-19,0,40,11400,本科,普通,2021
L000084,C000171,1980000,48,装修贷,90,2023-02-20,1,56,87690,大专及以下,普通,2023
L000085,C000653,4210000,12,消费贷,90,2023-02-21,1,58,29080,大专及以下,普通,2025
L000086,C000909,3210000,12,消费贷,30,2023-02-21,1,35,22130,大专及以下,金卡,2022
L000087,C000188,1790000,36,经营贷,3,2023-02-22,0,45,79630,本科,普通,2023
L000088,C000441,3850000,12,经营贷,0,2023-02-22,0,37,1600,本科,普通,2021
L000089,C000086,2190000,36,装修贷,10,2023-02-23,0,65,3240,大专及以下,金卡,2022
L000090,C000476,2770000,48,经营贷,0,2023-02-24,0,23,54870,大专及以下,普通,2023
L000091,C000052,4370000,24,装修贷,0,2023-02-24,0,42,18610,大专及以下,普通,2021
L000092,C000111,160000,12,装修贷,3,2023-02-25,0,18,29240,本科,普通,2023
L000093,C000949,4920000,48,经营贷,0,2023-02-26,0,33,40530,本科,金卡,2025
L000094,C000877,3790000,24,经营贷,0,2023-02-26,0,51,18120,本科,普通,2023
L000095,C000854,610000,24,经营贷,0,2023-02-27,0,20,80790,大专及以下,普通,2021
L000096,C000043,540000,24,装修贷,0,2023-02-27,0,20,64710,大专及以下,钻石,2023
L000097,C000211,1680000,48,经营贷,30,2023-02-28,1,50,36310,大专及以下,普通,2022
L000098,C000968,260000,48,消费贷,0,2023-03-01,0,59,2250,大专及以下,普通,2025
L000099,C000200,3360000,36,经营贷,0,2023-03-01,0,44,58790,研究生及以上,普通,2022
L000100,C000810,4760000,24,消费贷,0,2023-03-02,0,46,31410,本科,普通,2020
L000101,C000858,650000,24,消费贷,0,2023-03-02,0,70,47440,本科,普通,2020
L000102,C000752,1000000,24,消费贷,0,2023-03-03,0,23,64420,本科,金卡,2023
L000103,C000627,740000,36,经营贷,0,2023-03-04,0,66,96160,大专及以下,普通,2025
L000104,C000026,1920000,24,装修贷,0,2023-03-04,0,19,58500,大专及以下,金卡,2022
L000105,C000919,1710000,48,消费贷,3,2023-03-05,0,32,7290,本科,金卡,2021
L000106,C000299,2730000,24,消费贷,90,2023-03-05,1,69,58970,研究生及以上,金卡,2025
L000107,C000077,3770000,12,消费贷,0,2023-03-06,0,46,2170,本科,普通,2024
L000108,C000924,1870000,48,经营贷,0,2023-03-07,0,22,95720,本科,普通,2023
L000109,C000137,230000,36,消费贷,0,2023-03-07,0,52,29980,大专及以下,普通,2020
L000110,C000020,3910000,24,消费贷,30,2023-03-08,1,70,77730,本科,金卡,2025
L000111,C000440,4280000,12,消费贷,0,2023-03-08,0,62,13400,本科,金卡,2020
L000112,C000211,1810000,36,消费贷,10,2023-03-09,0,50,36310,大专及以下,普通,2022
L000113,C000752,3270000,36,消费贷,10,2023-03-10,0,23,64420,本科,金卡,2023
L000114,C000551,1080000,48,经营贷,30,2023-03-10,1,69,2450,大专及以下,金卡,2022
L000115,C000435,3350000,36,消费贷,60,2023-03-11,1,42,16240,大专及以下,普通,2025
L000116,C000780,1620000,36,经营贷,0,2023-03-12,0,29,98590,大专及以下,普通,2025
L000117,C000207,3020000,36,消费贷,0,2023-03-12,0,25,10840,研究生及以上,普通,2025
L000118,C000991,4930000,36,消费贷,60,2023-03-13,1,65,98100,大专及以下,金卡,2021
L000119,C000439,4520000,24,消费贷,0,2023-03-13,0,53,58600,大专及以下,普通,2024
L000120,C000974,2060000,24,经营贷,0,2023-03-14,0,58,66700,本科,普通,2023
L000121,C000779,780000,24,装修贷,0,2023-03-15,0,28,84570,本科,普通,2020
L000122,C000666,160000,24,装修贷,0,2023-03-15,0,22,99820,大专及以下,普通,2023
L000123,C000042,3270000,12,经营贷,30,2023-03-16,1,69,94610,大专及以下,金卡,2021
L000124,C000411,960000,24,消费贷,0,2023-03-16,0,63,39500,大专及以下,普通,2023
L000125,C000523,1470000,36,装修贷,0,2023-03-17,0,54,87840,本科,金卡,2025
L000126,C000806,20000,24,经营贷,60,2023-03-18,1,37,32740,本科,普通,2025
L000127,C000610,100000,24,消费贷,10,2023-03-18,0,62,98520,本科,普通,2021
L000128,C000427,4340000,48,装修贷,0,2023-03-19,0,60,90420,本科,普通,2025
L000129,C000275,1250000,36,消费贷,0,2023-03-19,0,37,38010,大专及以下,金卡,2020
L000130,C000448,810000,24,消费贷,0,2023-03-20,0,68,84630,大专及以下,普通,2022
L000131,C000902,4850000,24,消费贷,0,2023-03-21,0,68,46990,大专及以下,普通,2024
L000132,C000942,1400000,24,消费贷,0,2023-03-21,0,28,14900,大专及以下,金卡,2024
L000133,C000884,3260000,12,经营贷,0,2023-03-22,0,20,95610,大专及以下,普通,2020
L000134,C000742,1500000,24,消费贷,3,2023-03-22,0,56,52790,本科,金卡,2025
L000135,C000369,2880000,48,消费贷,0,2023-03-23,0,47,41330,本科,普通,2023
L000136,C000938,3610000,36,消费贷,0,2023-03-24,0,30,36680,大专及以下,普通,2023
L000137,C000220,3400000,36,经营贷,0,2023-03-24,0,58,52090,大专及以下,普通,2025
L000138,C000577,1290000,24,经营贷,0,2023-03-25,0,54,73740,大专及以下,金卡,2021
L000139,C000867,4380000,24,消费贷,3,2023-03-26,0,63,71050,本科,金卡,2023
L000140,C000232,2390000,24,消费贷,0,2023-03-26,0,34,29720,大专及以下,普通,2021
L000141,C000328,580000,36,消费贷,0,2023-03-27,0,65,46470,本科,金卡,2022
L000142,C000443,1980000,36,装修贷,0,2023-03-27,0,25,17390,大专及以下,普通,2025
L000143,C000052,2110000,12,消费贷,60,2023-03-28,1,42,18610,大专及以下,普通,2021
L000144,C000886,4020000,48,消费贷,0,2023-03-29,0,29,38140,大专及以下,普通,2023
L000145,C000943,3900000,12,消费贷,0,2023-03-29,0,68,18420,本科,普通,2024
L000146,C000376,450000,48,经营贷,0,2023-03-30,0,36,21510,本科,普通,2023
L000147,C000263,970000,12,经营贷,10,2023-03-30,0,50,36720,研究生及以上,金卡,2025
L000148,C000267,2790000,36,消费贷,0,2023-03-31,0,46,48570,大专及以下,金卡,2025
L000149,C000359,230000,12,消费贷,0,2023-04-01,0,47,14870,大专及以下,普通,2020
L000150,C000317,4100000,48,消费贷,0,2023-04-01,0,50,34000,本科,金卡,2024
L000151,C000324,4610000,24,装修贷,0,2023-04-02,0,55,22430,本科,普通,2022
L000152,C000921,3910000,48,装修贷,10,2023-04-02,0,59,58240,大专及以下,金卡,2021
L000153,C000908,3350000,24,经营贷,3,2023-04-03,0,51,83190,大专及以下,普通,2021
L000154,C000666,440000,36,经营贷,0,2023-04-04,0,22,99820,大专及以下,普通,2023
L000155,C000870,270000,48,消费贷,0,2023-04-04,0,62,21710,研究生及以上,金卡,2021
L000156,C000878,2820000,12,经营贷,0,2023-04-05,0,45,48030,本科,普通,2022
L000157,C000652,970000,48,经营贷,0,2023-04-05,0,29,91170,研究生及以上,普通,2025
L000158,C000939,4630000,24,消费贷,0,2023-04-06,0,60,99470,本科,金卡,2024
L000159,C000563,360000,36,装修贷,0,2023-04-07,0,19,92300,大专及以下,普通,2023
L000160,C000629,1090000,12,消费贷,0,2023-04-07,0,49,24960,大专及以下,金卡,2023
L000161,C000421,550000,48,消费贷,0,2023-04-08,0,19,28110,大专及以下,普通,2020
L000162,C000046,1920000,24,经营贷,90,2023-04-09,1,24,80430,大专及以下,金卡,2022
L000163,C000821,2190000,12,经营贷,3,2023-04-09,0,27,70170,本科,金卡,2023
L000164,C000600,1850000,36,经营贷,30,2023-04-10,1,43,20330,本科,钻石,2020
L000165,C000720,690000,12,消费贷,0,2023-04-10,0,62,31930,本科,普通,2024
L000166,C000889,3170000,36,装修贷,60,2023-04-11,1,22,80040,研究生及以上,普通,2023
L000167,C000269,1300000,12,经营贷,0,2023-04-12,0,37,56880,本科,普通,2021
L000168,C000601,550000,48,消费贷,0,2023-04-12,0,27,14800,大专及以下,普通,2024
L000169,C000381,3780000,24,装修贷,10,2023-04-13,0,61,70810,大专及以下,钻石,2023
L000170,C000118,970000,48,经营贷,0,2023-04-13,0,25,20080,本科,普通,2021
L000171,C000566,3360000,48,消费贷,0,2023-04-14,0,49,97550,大专及以下,普通,2022
L000172,C000953,870000,36,经营贷,0,2023-04-15,0,21,3810,研究生及以上,普通,2025
L000173,C000116,2940000,36,消费贷,0,2023-04-15,0,68,17040,大专及以下,金卡,2023
L000174,C000630,1190000,36,消费贷,0,2023-04-16,0,41,22620,大专及以下,普通,2024
L000175,C000260,2080000,48,消费贷,0,2023-04-16,0,28,13050,研究生及以上,普通,2025
L000176,C000075,3340000,12,装修贷,3,2023-04-17,0,59,60660,大专及以下,普通,2023
L000177,C000480,4130000,12,消费贷,0,2023-04-18,0,47,83380,本科,普通,2023
L000178,C000305,1540000,48,经营贷,0,2023-04-18,0,22,49730,大专及以下,普通,2020
L000179,C000007,350000,48,消费贷,0,2023-04-19,0,38,4640,大专及以下,普通,2021
L000180,C000366,790000,24,经营贷,0,2023-04-19,0,44,32860,大专及以下,普通,2022
L000181,C000634,670000,36,经营贷,90,2023-04-20,1,29,40300,大专及以下,普通,2021
L000182,C000523,3430000,36,经营贷,0,2023-04-21,0,54,87840,本科,金卡,2025
L000183,C000348,4130000,48,消费贷,0,2023-04-21,0,25,36940,大专及以下,钻石,2023
L000184,C000438,340000,48,经营贷,0,2023-04-22,0,24,52360,大专及以下,普通,2020
L000185,C000215,970000,12,装修贷,3,2023-04-23,0,41,60590,大专及以下,普通,2023
L000186,C000429,1690000,48,经营贷,3,2023-04-23,0,56,72010,大专及以下,普通,2020
L000187,C000791,1690000,12,消费贷,0,2023-04-24,0,45,68310,大专及以下,普通,2021
L000188,C000498,1510000,48,装修贷,0,2023-04-24,0,40,51850,本科,普通,2023
L000189,C000540,710000,24,消费贷,0,2023-04-25,0,38,71690,本科,金卡,2025
L000190,C000747,30000,24,经营贷,0,2023-04-26,0,66,34800,大专及以下,普通,2023
L000191,C000367,3140000,12,装修贷,0,2023-04-26,0,51,26730,本科,普通,2025
L000192,C000313,320000,36,消费贷,3,2023-04-27,0,33,60540,大专及以下,普通,2020
L000193,C000538,2870000,24,消费贷,0,2023-04-27,0,43,95540,大专及以下,普通,2025
L000194,C000921,820000,12,消费贷,10,2023-04-28,0,59,58240,大专及以下,金卡,2021
L000195,C000054,430000,48,经营贷,0,2023-04-29,0,67,39120,本科,金卡,2020
L000196,C000541,3910000,48,经营贷,0,2023-04-29,0,56,10200,研究生及以上,普通,2021
L000197,C000467,1050000,12,消费贷,0,2023-04-30,0,54,59950,本科,金卡,2022
L000198,C000865,10000,36,消费贷,0,2023-04-30,0,31,4520,研究生及以上,普通,2021
L000199,C000164,610000,12,消费贷,0,2023-05-01,0,66,13020,本科,普通,2023
L000200,C000782,2700000,12,消费贷,0,2023-05-02,0,49,55200,大专及以下,钻石,2021
L000201,C000334,1800000,24,消费贷,0,2023-05-02,0,63,10430,大专及以下,钻石,2021
L000202,C000547,2240000,12,装修贷,0,2023-05-03,0,27,12650,研究生及以上,普通,2021
L000203,C000798,60000,12,消费贷,0,2023-05-03,0,54,61470,本科,普通,2025
L000204,C000348,1030000,48,装修贷,0,2023-05-04,0,25,36940,大专及以下,钻石,2023
L000205,C000273,100000,24,经营贷,0,2023-05-05,0,20,7880,本科,普通,2025
L000206,C000963,710000,48,消费贷,0,2023-05-05,0,36,85670,大专及以下,普通,2020
L000207,C000720,900000,48,经营贷,0,2023-05-06,0,62,31930,本科,普通,2024
L000208,C000750,2260000,36,经营贷,0,2023-05-07,0,55,11500,研究生及以上,金卡,2021
L000209,C000414,1580000,36,消费贷,3,2023-05-07,0,49,69190,本科,普通,2025
L000210,C000500,2280000,24,消费贷,10,2023-05-08,0,29,92260,研究生及以上,普通,2025
L000211,C000093,4050000,24,消费贷,0,2023-05-08,0,33,20170,大专及以下,普通,2023
L000212,C000685,1260000,36,消费贷,0,2023-05-09,0,40,11400,本科,普通,2021
L000213,C000079,4440000,36,消费贷,0,2023-05-10,0,43,56600,大专及以下,金卡,2020
L000214,C000622,2090000,36,消费贷,30,2023-05-10,1,66,31200,大专及以下,普通,2024
L000215,C000217,970000,36,消费贷,0,2023-05-11,0,49,32770,本科,金卡,2022
L000216,C000947,740000,36,消费贷,0,2023-05-11,0,48,10560,大专及以下,钻石,2024
L000217,C000358,1150000,48,消费贷,3,2023-05-12,0,63,57190,大专及以下,普通,2020
L000218,C000618,1910000,24,消费贷,0,2023-05-13,0,54,40720,本科,普通,2021
L000219,C000507,4950000,48,消费贷,0,2023-05-13,0,65,77930,本科,普通,2021
L000220,C000559,1700000,48,装修贷,0,2023-05-14,0,21,81560,大专及以下,普通,2024
L000221,C000181,3070000,12,消费贷,0,2023-05-14,0,39,27450,大专及以下,钻石,2022
L000222,C000576,4480000,48,经营贷,3,2023-05-15,0,60,14890,大专及以下,普通,2022
L000223,C000246,2040000,36,消费贷,10,2023-05-16,0,43,80700,大专及以下,钻石,2021
L000224,C000244,560000,36,装修贷,0,2023-05-16,0,70,65560,大专及以下,金卡,2020
L000225,C000506,2080000,12,消费贷,0,2023-05-17,0,49,54920,大专及以下,普通,2025
L000226,C000422,410000,12,装修贷,0,2023-05-17,0,43,49530,大专及以下,普通,2023
L000227,C000320,320000,12,经营贷,0,2023-05-18,0,28,78760,大专及以下,普通,2021
L000228,C000087,150000,12,消费贷,0,2023-05-19,0,32,43080,大专及以下,金卡,2021
L000229,C000217,620000,12,装修贷,0,2023-05-19,0,49,32770,本科,金卡,2022
L000230,C000490,1550000,48,经营贷,0,2023-05-20,0,36,77860,大专及以下,普通,2021
L000231,C000519,2840000,12,消费贷,0,2023-05-21,0,29,67400,大专及以下,普通,2024
L000232,C000278,2090000,48,经营贷,0,2023-05-21,0,69,68040,大专及以下,钻石,2020
L000233,C000849,3200000,24,装修贷,0,2023-05-22,0,34,48800,研究生及以上,普通,2022
L000234,C000722,4940000,12,消费贷,0,2023-05-22,0,53,38780,本科,金卡,2021
L000235,C000169,1870000,12,消费贷,0,2023-05-23,0,54,58880,大专及以下,普通,2022
L000236,C000330,4980000,48,经营贷,0,2023-05-24,0,52,84560,本科,普通,2022
L000237,C000650,4420000,24,经营贷,0,2023-05-24,0,66,62500,大专及以下,普通,2022
L000238,C000441,1300000,48,装修贷,0,2023-05-25,0,37,1600,本科,普通,2021
L000239,C000391,1270000,48,经营贷,0,2023-05-25,0,41,80920,大专及以下,金卡,2020
L000240,C000496,2920000,12,消费贷,0,2023-05-26,0,43,68370,大专及以下,普通,2023
L000241,C000381,1140000,36,装修贷,0,2023-05-27,0,61,70810,大专及以下,钻石,2023
L000242,C000306,1990000,36,消费贷,0,2023-05-27,0,54,15810,本科,普通,2022
L000243,C000742,130000,48,消费贷,10,2023-05-28,0,56,52790,本科,金卡,2025
L000244,C000987,2710000,12,经营贷,0,2023-05-28,0,39,93060,本科,普通,2020
L000245,C000820,890000,24,经营贷,0,2023-05-29,0,19,21560,本科,金卡,2021
L000246,C000673,2150000,36,消费贷,0,2023-05-30,0,70,54520,本科,钻石,2020
L000247,C000513,4440000,24,经营贷,0,2023-05-30,0,33,2300,大专及以下,金卡,2024
L000248,C000748,2780000,36,消费贷,0,2023-05-31,0,42,88110,大专及以下,金卡,2024
L000249,C000949,4470000,12,消费贷,0,2023-05-31,0,33,40530,本科,金卡,2025
L000250,C000188,4740000,48,装修贷,0,2023-06-01,0,45,79630,本科,普通,2023
L000251,C000930,4810000,24,消费贷,0,2023-06-02,0,34,71290,大专及以下,金卡,2023
L000252,C000516,2030000,24,消费贷,0,2023-06-02,0,39,72260,本科,普通,2020
L000253,C000913,740000,48,消费贷,0,2023-06-03,0,68,46550,大专及以下,普通,2021
L000254,C000644,250000,24,装修贷,3,2023-06-04,0,37,4620,大专及以下,普通,2022
L000255,C000427,1010000,36,消费贷,0,2023-06-04,0,60,90420,本科,普通,2025
L000256,C000502,1760000,48,消费贷,30,2023-06-05,1,18,45970,大专及以下,金卡,2020
L000257,C000730,4270000,36,经营贷,3,2023-06-05,0,43,75240,研究生及以上,普通,2024
L000258,C000260,1170000,36,消费贷,0,2023-06-06,0,28,13050,研究生及以上,普通,2025
L000259,C000513,1660000,12,消费贷,0,2023-06-07,0,33,2300,大专及以下,金卡,2024
L000260,C000071,410000,36,经营贷,0,2023-06-07,0,57,1050,大专及以下,普通,2020
L000261,C000478,4290000,12,消费贷,10,2023-06-08,0,49,87800,本科,普通,2025
L000262,C000178,3440000,24,装修贷,10,2023-06-08,0,49,24360,本科,普通,2020
L000263,C000457,4240000,24,消费贷,0,2023-06-09,0,68,70600,研究生及以上,金卡,2020
L000264,C000189,3660000,12,消费贷,10,2023-06-10,0,45,33280,大专及以下,普通,2023
L000265,C000291,1200000,36,消费贷,0,2023-06-10,0,48,74110,大专及以下,普通,2023
L000266,C000520,970000,48,消费贷,0,2023-06-11,0,43,55680,研究生及以上,普通,2020
L000267,C000765,1450000,48,经营贷,30,2023-06-11,1,36,58970,本科,普通,2024
L000268,C000920,2160000,12,消费贷,3,2023-06-12,0,47,3690,大专及以下,金卡,2020
L000269,C000979,2290000,24,消费贷,0,2023-06-13,0,66,66270,研究生及以上,金卡,2025
L000270,C000292,3130000,24,经营贷,3,2023-06-13,0,47,72860,大专及以下,普通,2022
L000271,C000946,1300000,48,经营贷,60,2023-06-14,1,33,13740,大专及以下,普通,2025
L000272,C000756,3520000,12,消费贷,3,2023-06-14,0,62,57550,本科,普通,2024
L000273,C000635,3770000,48,消费贷,10,2023-06-15,0,66,14120,本科,普通,2020
L000274,C000811,3180000,36,消费贷,3,2023-06-16,0,30,2050,大专及以下,普通,2023
L000275,C000283,4720000,36,消费贷,0,2023-06-16,0,35,81580,大专及以下,钻石,2023
L000276,C000544,1370000,12,消费贷,10,2023-06-17,0,47,45350,大专及以下,金卡,2021
L000277,C000846,3240000,12,经营贷,0,2023-06-18,0,65,37380,大专及以下,钻石,2020
L000278,C000377,3370000,36,装修贷,30,2023-06-18,1,21,69090,大专及以下,普通,2025
L000279,C000658,2730000,24,消费贷,0,2023-06-19,0,45,38410,本科,普通,2025
L000280,C000156,1170000,12,消费贷,0,2023-06-19,0,32,13480,本科,普通,2023
L000281,C000508,3060000,36,消费贷,0,2023-06-20,0,42,94740,大专及以下,钻石,2024
L000282,C000413,3680000,36,消费贷,0,2023-06-21,0,67,77790,大专及以下,普通,2020
L000283,C000528,940000,24,消费贷,0,2023-06-21,0,22,6450,大专及以下,金卡,2025
L000284,C000355,1680000,24,装修贷,90,2023-06-22,1,68,13790,本科,普通,2024
L000285,C000559,4420000,24,经营贷,60,2023-06-22,1,21,81560,大专及以下,普通,2024
L000286,C000763,2030000,24,装修贷,0,2023-06-23,0,53,18630,本科,金卡,2024
L000287,C000187,3410000,48,装修贷,90,2023-06-24,1,23,64590,大专及以下,金卡,2025
L000288,C000031,1490000,24,消费贷,10,2023-06-24,0,61,63290,大专及以下,普通,2025
L000289,C000260,4020000,48,经营贷,0,2023-06-25,0,28,13050,研究生及以上,普通,2025
L000290,C000421,1830000,12,消费贷,0,2023-06-25,0,19,28110,大专及以下,普通,2020
L000291,C000529,4130000,36,消费贷,30,2023-06-26,1,64,44460,大专及以下,普通,2024
L000292,C000551,1520000,48,装修贷,0,2023-06-27,0,69,2450,大专及以下,金卡,2022
L000293,C000304,740000,12,消费贷,10,2023-06-27,0,29,81380,大专及以下,普通,2023
L000294,C000942,3650000,12,装修贷,10,2023-06-28,0,28,14900,大专及以下,金卡,2024
L000295,C000986,4010000,48,消费贷,10,2023-06-28,0,64,84200,大专及以下,普通,2023
L000296,C000944,2740000,12,装修贷,0,2023-06-29,0,64,20250,本科,普通,2021
L000297,C000039,420000,12,装修贷,0,2023-06-30,0,64,76610,本科,普通,2024
L000298,C000489,4960000,48,经营贷,0,2023-06-30,0,47,89200,本科,金卡,2023
L000299,C000644,2120000,12,经营贷,0,2023-07-01,0,37,4620,大专及以下,普通,2022
L000300,C000542,1010000,24,消费贷,0,2023-07-02,0,53,82900,大专及以下,普通,2020
L000301,C000670,450000,24,装修贷,0,2023-07-02,0,69,46430,本科,普通,2020
L000302,C000278,820000,36,装修贷,0,2023-07-03,0,69,68040,大专及以下,钻石,2020
L000303,C000203,170000,12,经营贷,10,2023-07-03,0,58,4450,大专及以下,普通,2021
L000304,C000066,730000,36,经营贷,0,2023-07-04,0,52,26900,研究生及以上,普通,2022
L000305,C000108,140000,24,经营贷,0,2023-07-05,0,24,86120,大专及以下,普通,2025
L000306,C000268,4330000,24,装修贷,0,2023-07-05,0,20,28130,大专及以下,普通,2025
L000307,C000222,1570000,24,经营贷,0,2023-07-06,0,66,72960,大专及以下,普通,2020
L000308,C000804,2230000,12,装修贷,0,2023-07-06,0,50,79330,大专及以下,金卡,2022
L000309,C000530,1320000,12,经营贷,3,2023-07-07,0,66,39100,大专及以下,钻石,2025
L000310,C000090,3380000,24,消费贷,0,2023-07-08,0,40,63330,大专及以下,普通,2021
L000311,C000693,4040000,36,消费贷,3,2023-07-08,0,27,24530,大专及以下,金卡,2020
L000312,C000255,3760000,36,消费贷,0,2023-07-09,0,22,65900,大专及以下,金卡,2020
L000313,C000455,3760000,48,消费贷,10,2023-07-09,0,40,99280,大专及以下,普通,2021
L000314,C000253,470000,24,消费贷,10,2023-07-10,0,55,87660,本科,普通,2024
L000315,C000257,1070000,36,经营贷,60,2023-07-11,1,51,68830,本科,普通,2020
L000316,C000383,1080000,24,消费贷,30,2023-07-11,1,47,83320,研究生及以上,金卡,2024
L000317,C000442,2650000,36,消费贷,30,2023-07-12,1,18,92300,大专及以下,普通,2024
L000318,C000858,2050000,48,经营贷,10,2023-07-13,0,70,47440,本科,普通,2020
L000319,C000599,790000,48,装修贷,0,2023-07-13,0,46,47750,本科,普通,2022
L000320,C000090,1550000,24,经营贷,0,2023-07-14,0,40,63330,大专及以下,普通,2021
L000321,C000749,2710000,36,装修贷,0,2023-07-14,0,50,88820,本科,普通,2024
L000322,C000390,4760000,12,经营贷,0,2023-07-15,0,54,21740,大专及以下,普通,2021
L000323,C000582,4850000,48,消费贷,0,2023-07-16,0,57,39450,大专及以下,钻石,2025
L000324,C000044,2470000,24,经营贷,0,2023-07-16,0,54,43060,本科,普通,2025
L000325,C000712,190000,24,经营贷,10,2023-07-17,0,65,1380,大专及以下,普通,2021
L000326,C000664,3460000,36,消费贷,60,2023-07-17,1,33,3940,本科,普通,2020
L000327,C000598,4360000,24,消费贷,0,2023-07-18,0,25,9920,研究生及以上,普通,2025
L000328,C000019,260000,48,经营贷,0,2023-07-19,0,39,34450,大专及以下,普通,2025
L000329,C000101,2170000,24,消费贷,60,2023-07-19,1,62,61380,本科,普通,2024
L000330,C000914,1540000,24,经营贷,0,2023-07-20,0,51,71620,本科,普通,2020
L000331,C000607,1540000,12,消费贷,3,2023-07-20,0,21,51160,本科,普通,2020
L000332,C000766,1740000,12,经营贷,0,2023-07-21,0,37,93080,大专及以下,普通,2022
L000333,C000357,920000,48,经营贷,0,2023-07-22,0,39,60860,大专及以下,普通,2021
L000334,C000542,4330000,36,消费贷,0,2023-07-22,0,53,82900,大专及以下,普通,2020
L000335,C000761,3380000,12,消费贷,30,2023-07-23,1,28,33240,本科,普通,2023
L000336,C000938,4800000,36,经营贷,0,2023-07-23,0,30,36680,大专及以下,普通,2023
L000337,C000033,1810000,48,装修贷,0,2023-07-24,0,66,2250,大专及以下,普通,2023
L000338,C000970,1310000,12,装修贷,0,2023-07-25,0,38,95000,研究生及以上,普通,2024
L000339,C000229,4500000,36,消费贷,0,2023-07-25,0,66,17450,大专及以下,普通,2023
L000340,C000524,4810000,12,经营贷,60,2023-07-26,1,39,94230,本科,钻石,2024
L000341,C000630,2980000,48,消费贷,3,2023-07-27,0,41,22620,大专及以下,普通,2024
L000342,C000862,2750000,48,消费贷,0,2023-07-27,0,36,90460,大专及以下,普通,2023
L000343,C000155,2730000,12,消费贷,0,2023-07-28,0,26,22920,本科,金卡,2020
L000344,C000423,4920000,36,经营贷,0,2023-07-28,0,34,63120,大专及以下,普通,2020
L000345,C000905,4170000,24,消费贷,3,2023-07-29,0,51,84210,大专及以下,金卡,2025
L000346,C000246,760000,24,消费贷,3,2023-07-30,0,43,80700,大专及以下,钻石,2021
L000347,C000405,1770000,12,经营贷,0,2023-07-30,0,35,14860,本科,金卡,2024
L000348,C000844,1840000,36,经营贷,3,2023-07-31,0,18,16600,大专及以下,金卡,2021
L000349,C000759,3190000,24,消费贷,0,2023-07-31,0,33,78250,本科,普通,2021
L000350,C000541,1310000,48,消费贷,60,2023-08-01,1,56,10200,研究生及以上,普通,2021
L000351,C000161,3630000,36,消费贷,30,2023-08-02,1,68,20700,研究生及以上,普通,2024
L000352,C000747,490000,24,消费贷,3,2023-08-02,0,66,34800,大专及以下,普通,2023
L000353,C000702,550000,36,经营贷,3,2023-08-03,0,26,25280,大专及以下,普通,2024
L000354,C000117,1540000,12,消费贷,0,2023-08-03,0,34,3350,本科,普通,2024
L000355,C000271,3550000,36,经营贷,10,2023-08-04,0,36,50440,大专及以下,普通,2022
L000356,C000770,2000000,24,装修贷,0,2023-08-05,0,66,2160,大专及以下,金卡,2022
L000357,C000692,3080000,12,消费贷,0,2023-08-05,0,26,64530,大专及以下,普通,2020
L000358,C000487,3560000,36,装修贷,0,2023-08-06,0,67,4900,本科,普通,2024
L000359,C000885,3730000,48,消费贷,10,2023-08-06,0,67,48320,本科,金卡,2021
L000360,C000172,1180000,24,消费贷,0,2023-08-07,0,62,95460,大专及以下,普通,2022
L000361,C000950,2630000,12,消费贷,0,2023-08-08,0,25,10680,本科,金卡,2021
L000362,C000274,460000,36,消费贷,0,2023-08-08,0,36,43430,本科,普通,2024
L000363,C000259,3020000,48,消费贷,0,2023-08-09,0,39,50710,大专及以下,普通,2021
L000364,C000135,3560000,24,消费贷,0,2023-08-10,0,41,96060,本科,金卡,2023
L000365,C000683,4000000,48,经营贷,10,2023-08-10,0,22,13650,大专及以下,普通,2024
L000366,C000722,4080000,36,装修贷,10,2023-08-11,0,53,38780,本科,金卡,2021
L000367,C000748,1890000,36,经营贷,0,2023-08-11,0,42,88110,大专及以下,金卡,2024
L000368,C000422,3100000,12,消费贷,10,2023-08-12,0,43,49530,大专及以下,普通,2023
L000369,C000421,3180000,48,经营贷,3,2023-08-13,0,19,28110,大专及以下,普通,2020
L000370,C000186,1290000,12,经营贷,0,2023-08-13,0,70,64710,本科,普通,2025
L000371,C000929,490000,24,装修贷,3,2023-08-14,0,27,6750,大专及以下,普通,2023
L000372,C000364,250000,12,装修贷,60,2023-08-14,1,25,49310,大专及以下,普通,2021
L000373,C000955,2660000,24,装修贷,0,2023-08-15,0,20,11580,本科,普通,2023
L000374,C000607,1180000,36,消费贷,0,2023-08-16,0,21,51160,本科,普通,2020
L000375,C000378,4640000,36,经营贷,60,2023-08-16,1,52,87330,本科,普通,2023
L000376,C000523,1440000,48,消费贷,0,2023-08-17,0,54,87840,本科,金卡,2025
L000377,C000580,4420000,24,装修贷,0,2023-08-17,0,18,10360,大专及以下,普通,2023
L000378,C000891,2000000,36,消费贷,0,2023-08-18,0,47,69950,本科,普通,2023
L000379,C000722,1570000,48,消费贷,0,2023-08-19,0,53,38780,本科,金卡,2021
L000380,C000196,4870000,48,消费贷,10,2023-08-19,0,42,27740,大专及以下,普通,2024
L000381,C000881,3480000,12,经营贷,0,2023-08-20,0,56,57310,大专及以下,金卡,2020
L000382,C000098,1340000,48,消费贷,0,2023-08-20,0,41,91930,本科,金卡,2024
L000383,C000605,4000000,36,消费贷,0,2023-08-21,0,58,92790,大专及以下,普通,2021
L000384,C000984,1480000,12,装修贷,0,2023-08-22,0,26,72750,大专及以下,金卡,2024
L000385,C000022,3360000,24,装修贷,0,2023-08-22,0,41,69820,本科,金卡,2023
L000386,C000450,710000,24,消费贷,0,2023-08-23,0,32,36490,大专及以下,普通,2024
L000387,C000172,2330000,36,消费贷,10,2023-08-24,0,62,95460,大专及以下,普通,2022
L000388,C000383,3340000,36,装修贷,0,2023-08-24,0,47,83320,研究生及以上,金卡,2024
L000389,C000134,2990000,12,装修贷,0,2023-08-25,0,40,70410,本科,金卡,2023
L000390,C000426,1540000,12,经营贷,0,2023-08-25,0,26,78150,本科,金卡,2024
L000391,C000025,900000,36,经营贷,0,2023-08-26,0,55,82520,本科,普通,2022
L000392,C000503,3340000,36,消费贷,0,2023-08-27,0,18,15660,本科,普通,2020
L000393,C000185,1990000,24,装修贷,0,2023-08-27,0,62,74260,大专及以下,普通,2021
L000394,C000085,1610000,24,经营贷,10,2023-08-28,0,48,90150,本科,普通,2025
L000395,C000567,260000,24,经营贷,0,2023-08-28,0,44,75860,研究生及以上,普通,2022
L000396,C000763,1210000,36,消费贷,3,2023-08-29,0,53,18630,本科,金卡,2024
L000397,C000144,3010000,48,装修贷,0,2023-08-30,0,52,22360,本科,普通,2020
L000398,C000863,2120000,36,经营贷,60,2023-08-30,1,34,63360,大专及以下,金卡,2024
L000399,C000910,630000,36,消费贷,0,2023-08-31,0,47,95440,大专及以下,普通,2022
L000400,C000679,4510000,24,经营贷,3,2023-08-31,0,59,51840,本科,普通,2025
L000401,C000412,4360000,36,经营贷,0,2023-09-01,0,41,55150,大专及以下,金卡,2023
L000402,C000224,680000,12,经营贷,0,2023-09-02,0,69,38970,本科,普通,2025
L000403,C000220,2530000,36,经营贷,0,2023-09-02,0,58,52090,大专及以下,普通,2025
L000404,C000179,4100000,36,经营贷,30,2023-09-03,1,24,54730,研究生及以上,金卡,2024
L000405,C000631,4590000,36,装修贷,0,2023-09-03,0,40,28450,大专及以下,普通,2025
L000406,C000433,20000,36,消费贷,0,2023-09-04,0,52,2530,本科,金卡,2021
L000407,C000265,3980000,48,消费贷,3,2023-09-05,0,23,64200,大专及以下,金卡,2021
L000408,C000954,1080000,36,消费贷,0,2023-09-05,0,42,63620,大专及以下,普通,2025
L000409,C000429,2860000,12,经营贷,3,2023-09-06,0,56,72010,大专及以下,普通,2020
L000410,C000662,490000,12,经营贷,0,2023-09-07,0,36,88800,本科,普通,2021
L000411,C000416,1400000,36,装修贷,3,2023-09-07,0,39,84780,大专及以下,金卡,2021
L000412,C000453,2180000,24,经营贷,0,2023-09-08,0,19,67670,大专及以下,普通,2025
L000413,C000727,440000,48,经营贷,0,2023-09-08,0,56,42790,大专及以下,普通,2021
L000414,C000197,4170000,36,装修贷,0,2023-09-09,0,56,69980,大专及以下,普通,2025
L000415,C000554,2690000,36,消费贷,10,2023-09-10,0,36,87230,大专及以下,普通,2023
L000416,C000053,780000,36,装修贷,0,2023-09-10,0,31,9760,本科,金卡,2025
L000417,C000480,2160000,24,消费贷,0,2023-09-11,0,47,83380,本科,普通,2023
L000418,C000443,3820000,24,经营贷,60,2023-09-11,1,25,17390,大专及以下,普通,2025
L000419,C000330,980000,24,经营贷,0,2023-09-12,0,52,84560,本科,普通,2022
L000420,C000251,2360000,48,经营贷,10,2023-09-13,0,28,86770,本科,普通,2021
L000421,C000807,2820000,12,消费贷,90,2023-09-13,1,30,71140,本科,普通,2023
L000422,C000890,1490000,48,消费贷,30,2023-09-14,1,47,36910,本科,金卡,2025
L000423,C000783,4120000,24,经营贷,10,2023-09-14,0,33,90200,大专及以下,普通,2025
L000424,C000967,3040000,12,装修贷,0,2023-09-15,0,45,54700,本科,金卡,2021
L000425,C000925,4840000,12,消费贷,0,2023-09-16,0,46,63760,本科,普通,2023
L000426,C000123,4240000,24,装修贷,3,2023-09-16,0,59,82620,本科,普通,2025
L000427,C000879,660000,24,消费贷,0,2023-09-17,0,48,66630,大专及以下,金卡,2021
L000428,C000387,2340000,48,经营贷,0,2023-09-17,0,23,17220,大专及以下,金卡,2021
L000429,C000339,4570000,24,经营贷,3,2023-09-18,0,58,43420,大专及以下,普通,2025
L000430,C000778,870000,12,经营贷,0,2023-09-19,0,40,14890,本科,普通,2023
L000431,C000348,790000,36,装修贷,30,2023-09-19,1,25,36940,大专及以下,钻石,2023
L000432,C000029,2050000,24,经营贷,10,2023-09-20,0,29,20760,大专及以下,普通,2023
L000433,C000975,2790000,24,经营贷,10,2023-09-21,0,29,33490,本科,普通,2024
L000434,C000035,3370000,48,消费贷,3,2023-09-21,0,59,63880,大专及以下,普通,2025
L000435,C000518,2540000,48,消费贷,30,2023-09-22,1,20,77940,大专及以下,金卡,2021
L000436,C000396,3040000,24,消费贷,10,2023-09-22,0,48,87460,本科,普通,2022
L000437,C000623,3800000,12,经营贷,0,2023-09-23,0,52,90870,研究生及以上,普通,2025
L000438,C000294,1300000,12,消费贷,0,2023-09-24,0,52,8680,大专及以下,普通,2021
L000439,C000589,840000,36,消费贷,30,2023-09-24,1,48,98880,本科,金卡,2023
L000440,C000349,2760000,24,消费贷,10,2023-09-25,0,24,49410,大专及以下,普通,2025
L000441,C000147,1870000,48,消费贷,0,2023-09-25,0,31,79040,大专及以下,金卡,2020
L000442,C000067,460000,12,消费贷,0,2023-09-26,0,31,11630,大专及以下,普通,2023
L000443,C000904,3870000,36,装修贷,0,2023-09-27,0,55,32550,大专及以下,普通,2024
L000444,C000520,1830000,24,经营贷,0,2023-09-27,0,43,55680,研究生及以上,普通,2020
L000445,C000122,2680000,12,经营贷,30,2023-09-28,1,22,27350,本科,普通,2025
L000446,C000340,2960000,24,经营贷,60,2023-09-28,1,53,37950,大专及以下,普通,2022
L000447,C000175,3220000,24,消费贷,0,2023-09-29,0,46,23040,本科,普通,2024
L000448,C000900,1000000,12,装修贷,0,2023-09-30,0,19,17460,大专及以下,普通,2025
L000449,C000691,780000,12,消费贷,0,2023-09-30,0,29,46690,大专及以下,金卡,2025
L000450,C000597,2720000,12,消费贷,3,2023-10-01,0,43,73870,大专及以下,普通,2022
L000451,C000451,3390000,24,经营贷,0,2023-10-01,0,45,42970,研究生及以上,钻石,2023
L000452,C000557,1620000,24,消费贷,0,2023-10-02,0,22,27320,研究生及以上,普通,2025
L000453,C000136,440000,36,经营贷,0,2023-10-03,0,54,49200,研究生及以上,金卡,2025
L000454,C000855,2380000,48,消费贷,0,2023-10-03,0,70,37650,大专及以下,金卡,2021
L000455,C000016,1340000,24,经营贷,0,2023-10-04,0,57,59700,本科,钻石,2021
L000456,C000333,4610000,48,消费贷,0,2023-10-05,0,35,9220,大专及以下,钻石,2022
L000457,C000195,1920000,12,消费贷,0,2023-10-05,0,45,1940,大专及以下,普通,2023
L000458,C000496,3560000,24,经营贷,0,2023-10-06,0,43,68370,大专及以下,普通,2023
L000459,C000009,2780000,36,消费贷,0,2023-10-06,0,36,47210,研究生及以上,普通,2022
L000460,C000828,180000,36,消费贷,30,2023-10-07,1,35,34890,大专及以下,金卡,2021
L000461,C000334,120000,48,消费贷,10,2023-10-08,0,63,10430,大专及以下,钻石,2021
L000462,C000333,1800000,12,经营贷,30,2023-10-08,1,35,9220,大专及以下,钻石,2022
L000463,C000327,1230000,48,经营贷,30,2023-10-09,1,52,26380,大专及以下,钻石,2020
L000464,C000015,2460000,12,消费贷,0,2023-10-09,0,53,66060,大专及以下,普通,2025
L000465,C000839,2220000,36,装修贷,0,2023-10-10,0,30,73940,大专及以下,钻石,2021
L000466,C000614,3730000,48,装修贷,0,2023-10-11,0,42,73910,大专及以下,普通,2024
L000467,C000226,510000,36,经营贷,30,2023-10-11,1,56,58320,研究生及以上,金卡,2021
L000468,C000425,4880000,36,经营贷,60,2023-10-12,1,50,55080,本科,普通,2025
L000469,C000790,710000,12,消费贷,0,2023-10-12,0,25,98680,大专及以下,普通,2022
L000470,C000408,4800000,48,经营贷,0,2023-10-13,0,48,55900,大专及以下,普通,2021
L000471,C000113,480000,48,消费贷,0,2023-10-14,0,25,35900,本科,金卡,2023
L000472,C000997,190000,36,消费贷,3,2023-10-14,0,66,38190,大专及以下,普通,2025
L000473,C000428,2620000,36,装修贷,0,2023-10-15,0,65,18620,本科,普通,2024
L000474,C000001,840000,12,经营贷,0,2023-10-15,0,56,4020,本科,普通,2024
L000475,C000266,1550000,24,消费贷,0,2023-10-16,0,33,44800,大专及以下,金卡,2024
L000476,C000491,530000,24,消费贷,0,2023-10-17,0,34,43320,大专及以下,普通,2025
L000477,C000208,1070000,36,经营贷,3,2023-10-17,0,44,78900,大专及以下,普通,2020
L000478,C000622,3570000,24,消费贷,0,2023-10-18,0,66,31200,大专及以下,普通,2024
L000479,C000712,3040000,24,消费贷,30,2023-10-19,1,65,1380,大专及以下,普通,2021
L000480,C000952,1350000,24,消费贷,0,2023-10-19,0,57,93350,大专及以下,钻石,2023
L000481,C000369,4430000,24,消费贷,10,2023-10-20,0,47,41330,本科,普通,2023
L000482,C000985,690000,36,经营贷,10,2023-10-20,0,43,96560,大专及以下,普通,2025
L000483,C000306,110000,24,消费贷,0,2023-10-21,0,54,15810,本科,普通,2022
L000484,C000012,1430000,24,经营贷,0,2023-10-22,0,28,17460,大专及以下,普通,2020
L000485,C000345,1920000,12,消费贷,3,2023-10-22,0,38,88050,研究生及以上,金卡,2024
L000486,C000465,3870000,36,经营贷,0,2023-10-23,0,32,85070,本科,普通,2024
L000487,C000700,3780000,48,装修贷,10,2023-10-23,0,57,54460,大专及以下,普通,2022
L000488,C000666,690000,48,经营贷,3,2023-10-24,0,22,99820,大专及以下,普通,2023
L000489,C000494,230000,12,装修贷,10,2023-10-25,0,43,91180,大专及以下,金卡,2024
L000490,C000368,1810000,12,装修贷,0,2023-10-25,0,38,26990,本科,普通,2022
L000491,C000846,2930000,36,消费贷,0,2023-10-26,0,65,37380,大专及以下,钻石,2020
L000492,C000937,90000,48,经营贷,0,2023-10-26,0,19,62160,大专及以下,金卡,2024
L000493,C000420,2710000,24,装修贷,0,2023-10-27,0,59,68660,大专及以下,普通,2024
L000494,C000889,3870000,12,消费贷,3,2023-10-28,0,22,80040,研究生及以上,普通,2023
L000495,C000791,930000,48,消费贷,10,2023-10-28,0,45,68310,大专及以下,普通,2021
L000496,C000171,4540000,36,装修贷,0,2023-10-29,0,56,87690,大专及以下,普通,2023
L000497,C000134,170000,24,经营贷,3,2023-10-29,0,40,70410,本科,金卡,2023
L000498,C000965,1540000,36,消费贷,0,2023-10-30,0,22,23890,大专及以下,金卡,2023
L000499,C000427,4050000,12,消费贷,0,2023-10-31,0,60,90420,本科,普通,2025
L000500,C000025,3280000,48,经营贷,60,2023-10-31,1,55,82520,本科,普通,2022
L000501,C000530,1490000,48,经营贷,90,2023-11-01,1,66,39100,大专及以下,钻石,2025
L000502,C000190,3770000,48,经营贷,0,2023-11-02,0,61,38190,本科,普通,2020
L000503,C000141,2670000,48,经营贷,30,2023-11-02,1,44,43270,大专及以下,普通,2021
L000504,C000555,4220000,24,经营贷,0,2023-11-03,0,49,89960,大专及以下,普通,2020
L000505,C000846,3280000,24,经营贷,0,2023-11-03,0,65,37380,大专及以下,钻石,2020
L000506,C000796,1060000,36,经营贷,0,2023-11-04,0,45,90050,研究生及以上,普通,2024
L000507,C000658,4720000,24,经营贷,30,2023-11-05,1,45,38410,本科,普通,2025
L000508,C000315,3810000,12,经营贷,0,2023-11-05,0,37,73210,大专及以下,普通,2024
L000509,C000444,350000,12,消费贷,0,2023-11-06,0,63,62850,本科,普通,2020
L000510,C000319,1190000,48,消费贷,0,2023-11-06,0,69,73180,本科,普通,2025
L000511,C000441,140000,12,装修贷,3,2023-11-07,0,37,1600,本科,普通,2021
L000512,C000092,140000,36,消费贷,0,2023-11-08,0,38,19280,大专及以下,普通,2022
L000513,C000179,2660000,24,消费贷,0,2023-11-08,0,24,54730,研究生及以上,金卡,2024
L000514,C000056,1400000,24,消费贷,0,2023-11-09,0,43,15600,本科,金卡,2023
L000515,C000155,2940000,24,装修贷,0,2023-11-09,0,26,22920,本科,金卡,2020
L000516,C000672,3640000,12,消费贷,3,2023-11-10,0,53,55450,大专及以下,普通,2020
L000517,C000111,1190000,24,消费贷,0,2023-11-11,0,18,29240,本科,普通,2023
L000518,C000137,2380000,48,消费贷,3,2023-11-11,0,52,29980,大专及以下,普通,2020
L000519,C000232,340000,48,经营贷,0,2023-11-12,0,34,29720,大专及以下,普通,2021
L000520,C000992,1690000,48,消费贷,30,2023-11-12,1,34,12980,大专及以下,金卡,2024
L000521,C000468,100000,12,消费贷,0,2023-11-13,0,50,28080,大专及以下,普通,2024
L000522,C000732,1220000,24,消费贷,0,2023-11-14,0,56,36980,本科,普通,2025
L000523,C000481,4010000,12,装修贷,0,2023-11-14,0,64,49730,大专及以下,金卡,2023
L000524,C000068,1450000,24,消费贷,10,2023-11-15,0,34,44240,大专及以下,普通,2024
L000525,C000814,4510000,36,消费贷,30,2023-11-16,1,23,19950,大专及以下,普通,2024
L000526,C000249,4460000,36,经营贷,0,2023-11-16,0,49,17250,大专及以下,金卡,2025
L000527,C000994,2230000,12,装修贷,3,2023-11-17,0,53,61890,大专及以下,普通,2022
L000528,C000323,3710000,48,经营贷,0,2023-11-17,0,53,80700,大专及以下,普通,2024
L000529,C000922,2570000,12,装修贷,0,2023-11-18,0,68,59970,本科,普通,2020
L000530,C000904,2680000,48,装修贷,0,2023-11-19,0,55,32550,大专及以下,普通,2024
L000531,C000518,3590000,24,消费贷,0,2023-11-19,0,20,77940,大专及以下,金卡,2021
L000532,C000976,40000,48,经营贷,3,2023-11-20,0,43,92100,本科,钻石,2022
L000533,C000792,4260000,48,消费贷,0,2023-11-20,0,53,32170,本科,普通,2024
L000534,C000432,3970000,24,经营贷,0,2023-11-21,0,43,5810,大专及以下,普通,2024
L000535,C000487,3540000,36,消费贷,0,2023-11-22,0,67,4900,本科,普通,2024
L000536,C000606,1060000,24,消费贷,0,2023-11-22,0,24,13180,大专及以下,普通,2024
L000537,C000429,850000,12,装修贷,0,2023-11-23,0,56,72010,大专及以下,普通,2020
L000538,C000269,2140000,12,消费贷,0,2023-11-23,0,37,56880,本科,普通,2021
L000539,C000709,1210000,12,装修贷,0,2023-11-24,0,55,88070,大专及以下,普通,2023
L000540,C000537,1320000,12,消费贷,0,2023-11-25,0,43,18710,本科,普通,2023
L000541,C000148,3380000,12,消费贷,0,2023-11-25,0,20,66650,大专及以下,普通,2021
L000542,C000118,1970000,36,装修贷,0,2023-11-26,0,25,20080,本科,普通,2021
L000543,C000850,190000,36,经营贷,0,2023-11-26,0,22,20270,大专及以下,普通,2020
L000544,C000367,1300000,48,经营贷,0,2023-11-27,0,51,26730,本科,普通,2025
L000545,C000850,120000,12,消费贷,0,2023-11-28,0,22,20270,大专及以下,普通,2020
L000546,C000066,810000,24,经营贷,0,2023-11-28,0,52,26900,研究生及以上,普通,2022
L000547,C000970,3300000,12,经营贷,0,2023-11-29,0,38,95000,研究生及以上,普通,2024
L000548,C000813,3540000,36,经营贷,0,2023-11-30,0,52,87190,大专及以下,普通,2021
L000549,C000370,2620000,12,消费贷,0,2023-11-30,0,50,85280,大专及以下,金卡,2020
L000550,C000175,3920000,36,装修贷,0,2023-12-01,0,46,23040,本科,普通,2024
L000551,C000831,1250000,48,经营贷,0,2023-12-01,0,66,25300,研究生及以上,普通,2021
L000552,C000588,3070000,48,装修贷,30,2023-12-02,1,29,20130,大专及以下,普通,2022
L000553,C000495,2670000,48,经营贷,0,2023-12-03,0,54,16000,大专及以下,金卡,2021
L000554,C000973,4470000,36,经营贷,0,2023-12-03,0,22,67380,大专及以下,金卡,2024
L000555,C000114,4410000,12,消费贷,3,2023-12-04,0,41,94100,大专及以下,金卡,2024
L000556,C000111,3830000,12,消费贷,0,2023-12-04,0,18,29240,本科,普通,2023
L000557,C000761,1400000,24,装修贷,10,2023-12-05,0,28,33240,本科,普通,2023
L000558,C000439,3290000,36,消费贷,0,2023-12-06,0,53,58600,大专及以下,普通,2024
L000559,C000715,20000,24,消费贷,60,2023-12-06,1,39,29440,本科,普通,2022
L000560,C000147,80000,48,消费贷,0,2023-12-07,0,31,79040,大专及以下,金卡,2020
L000561,C000035,2500000,12,消费贷,0,2023-12-07,0,59,63880,大专及以下,普通,2025
L000562,C000999,1390000,36,装修贷,10,2023-12-08,0,69,10860,大专及以下,金卡,2020
L000563,C000309,1240000,24,装修贷,0,2023-12-09,0,58,1540,大专及以下,普通,2022
L000564,C000538,3090000,24,消费贷,0,2023-12-09,0,43,95540,大专及以下,普通,2025
L000565,C000750,2280000,24,消费贷,3,2023-12-10,0,55,11500,研究生及以上,金卡,2021
L000566,C000014,100000,12,经营贷,0,2023-12-10,0,70,28970,本科,普通,2025
L000567,C000374,4690000,12,经营贷,0,2023-12-11,0,22,14010,大专及以下,普通,2023
L000568,C000557,2120000,12,装修贷,0,2023-12-12,0,22,27320,研究生及以上,普通,2025
L000569,C000428,1120000,36,经营贷,0,2023-12-12,0,65,18620,本科,普通,2024
L000570,C000728,80000,12,消费贷,10,2023-12-13,0,44,17820,大专及以下,普通,2023
L000571,C000233,2920000,36,经营贷,90,2023-12-14,1,66,31720,本科,普通,2021
L000572,C000705,4770000,24,装修贷,0,2023-12-14,0,19,91980,本科,普通,2024
L000573,C000563,3620000,24,经营贷,0,2023-12-15,0,19,92300,大专及以下,普通,2023
L000574,C000939,4600000,48,经营贷,0,2023-12-15,0,60,99470,本科,金卡,2024
L000575,C000887,2530000,12,消费贷,0,2023-12-16,0,18,6290,大专及以下,普通,2025
L000576,C000726,140000,24,经营贷,30,2023-12-17,1,61,65460,大专及以下,普通,2022
L000577,C000663,2400000,12,经营贷,0,2023-12-17,0,64,98390,大专及以下,普通,2022
L000578,C000440,4380000,36,消费贷,0,2023-12-18,0,62,13400,本科,金卡,2020
L000579,C000502,2420000,24,消费贷,10,2023-12-18,0,18,45970,大专及以下,金卡,2020
L000580,C000275,4690000,12,消费贷,30,2023-12-19,1,37,38010,大专及以下,金卡,2020
L000581,C000850,3420000,24,消费贷,0,2023-12-20,0,22,20270,大专及以下,普通,2020
L000582,C000076,1490000,24,消费贷,0,2023-12-20,0,21,89370,本科,金卡,2023
L000583,C000439,2360000,12,消费贷,0,2023-12-21,0,53,58600,大专及以下,普通,2024
L000584,C000732,3060000,24,经营贷,60,2023-12-21,1,56,36980,本科,普通,2025
L000585,C000860,4780000,24,消费贷,0,2023-12-22,0,27,30200,大专及以下,普通,2023
L000586,C000956,1670000,24,消费贷,0,2023-12-23,0,49,43930,大专及以下,普通,2024
L000587,C000699,200000,24,装修贷,0,2023-12-23,0,30,90540,大专及以下,普通,2022
L000588,C000289,2160000,36,经营贷,0,2023-12-24,0,67,97920,大专及以下,普通,2025
L000589,C000915,3430000,24,经营贷,0,2023-12-24,0,69,34740,本科,普通,2021
L000590,C000540,1350000,48,消费贷,30,2023-12-25,1,38,71690,本科,金卡,2025
L000591,C000891,3930000,24,经营贷,10,2023-12-26,0,47,69950,本科,普通,2023
L000592,C000692,1290000,12,消费贷,90,2023-12-26,1,26,64530,大专及以下,普通,2020
L000593,C000253,4100000,48,装修贷,0,2023-12-27,0,55,87660,本科,普通,2024
L000594,C000126,4220000,36,消费贷,3,2023-12-28,0,45,55150,大专及以下,金卡,2023
L000595,C000177,2940000,48,经营贷,10,2023-12-28,0,30,10500,本科,普通,2020
L000596,C000037,2460000,48,消费贷,0,2023-12-29,0,33,62680,大专及以下,金卡,2024
L000597,C000410,1890000,48,经营贷,0,2023-12-29,0,57,84400,研究生及以上,普通,2023
L000598,C000611,440000,12,经营贷,0,2023-12-30,0,28,97100,大专及以下,普通,2025
L000599,C000610,860000,12,消费贷,10,2023-12-31,0,62,98520,本科,普通,2021
L000600,C000127,440000,12,消费贷,0,2023-12-31,0,24,34910,大专及以下,普通,2025
L000601,C000483,3300000,36,经营贷,30,2024-01-01,1,57,86920,大专及以下,钻石,2021
L000602,C000168,3750000,12,装修贷,0,2024-01-01,0,47,58420,研究生及以上,金卡,2020
L000603,C000592,4460000,12,装修贷,3,2024-01-02,0,68,91410,本科,普通,2024
L000604,C000294,3780000,48,消费贷,0,2024-01-03,0,52,8680,大专及以下,普通,2021
L000605,C000845,3900000,12,消费贷,3,2024-01-03,0,38,13660,本科,普通,2023
L000606,C000638,1450000,24,装修贷,0,2024-01-04,0,42,74140,大专及以下,金卡,2023
L000607,C000343,510000,12,经营贷,30,2024-01-04,1,50,14080,大专及以下,钻石,2021
L000608,C000310,2420000,36,经营贷,0,2024-01-05,0,52,77430,大专及以下,钻石,2022
L000609,C000662,2940000,36,装修贷,0,2024-01-06,0,36,88800,本科,普通,2021
L000610,C000528,4080000,24,装修贷,0,2024-01-06,0,22,6450,大专及以下,金卡,2025
L000611,C000540,510000,36,经营贷,0,2024-01-07,0,38,71690,本科,金卡,2025
L000612,C000419,2660000,36,消费贷,0,2024-01-08,0,44,42500,本科,金卡,2021
L000613,C000444,1200000,48,消费贷,0,2024-01-08,0,63,62850,本科,普通,2020
L000614,C000685,2000000,24,经营贷,10,2024-01-09,0,40,11400,本科,普通,2021
L000615,C000558,4050000,48,消费贷,0,2024-01-09,0,62,45940,大专及以下,普通,2025
L000616,C000840,2480000,48,消费贷,0,2024-01-10,0,50,50040,大专及以下,普通,2022
L000617,C000236,700000,12,消费贷,0,2024-01-11,0,45,47620,大专及以下,普通,2023
L000618,C000439,3410000,24,消费贷,0,2024-01-11,0,53,58600,大专及以下,普通,2024
L000619,C000214,570000,12,经营贷,60,2024-01-12,1,61,39760,本科,普通,2022
L000620,C000085,3820000,12,经营贷,0,2024-01-12,0,48,90150,本科,普通,2025
L000621,C000794,390000,48,消费贷,30,2024-01-13,1,25,88830,大专及以下,普通,2025
L000622,C000744,4720000,36,消费贷,0,2024-01-14,0,20,10840,大专及以下,普通,2020
L000623,C000085,2890000,24,装修贷,0,2024-01-14,0,48,90150,本科,普通,2025
L000624,C000921,4430000,36,消费贷,10,2024-01-15,0,59,58240,大专及以下,金卡,2021
L000625,C000489,180000,48,经营贷,0,2024-01-15,0,47,89200,本科,金卡,2023
L000626,C000065,4400000,48,装修贷,0,2024-01-16,0,64,85340,大专及以下,普通,2022
L000627,C000646,2200000,48,消费贷,0,2024-01-17,0,42,43860,大专及以下,金卡,2023
L000628,C000663,3130000,48,经营贷,10,2024-01-17,0,64,98390,大专及以下,普通,2022
L000629,C000627,2440000,48,装修贷,0,2024-01-18,0,66,96160,大专及以下,普通,2025
L000630,C000064,3520000,48,消费贷,0,2024-01-18,0,25,94520,研究生及以上,金卡,2020
L000631,C000343,4600000,36,经营贷,0,2024-01-19,0,50,14080,大专及以下,钻石,2021
L000632,C000939,3040000,12,消费贷,0,2024-01-20,0,60,99470,本科,金卡,2024
L000633,C000875,2980000,36,消费贷,90,2024-01-20,1,57,10550,大专及以下,普通,2024
L000634,C000919,2830000,24,装修贷,0,2024-01-21,0,32,7290,本科,金卡,2021
L000635,C000352,740000,36,装修贷,0,2024-01-22,0,50,45910,大专及以下,普通,2022
L000636,C000158,1100000,48,经营贷,10,2024-01-22,0,43,20970,大专及以下,金卡,2022
L000637,C000589,1800000,36,消费贷,0,2024-01-23,0,48,98880,本科,金卡,2023
L000638,C000491,4260000,12,消费贷,0,2024-01-23,0,34,43320,大专及以下,普通,2025
L000639,C000658,320000,24,经营贷,0,2024-01-24,0,45,38410,本科,普通,2025
L000640,C000855,2340000,36,消费贷,0,2024-01-25,0,70,37650,大专及以下,金卡,2021
L000641,C000463,2820000,12,经营贷,0,2024-01-25,0,59,42070,大专及以下,普通,2021
L000642,C000225,250000,36,经营贷,0,2024-01-26,0,29,18920,大专及以下,普通,2024
L000643,C000917,3310000,24,经营贷,0,2024-01-26,0,50,35660,本科,普通,2020
L000644,C000313,2790000,36,经营贷,0,2024-01-27,0,33,60540,大专及以下,普通,2020
L000645,C000615,2260000,48,消费贷,0,2024-01-28,0,38,10740,本科,金卡,2024
L000646,C000919,570000,36,消费贷,0,2024-01-28,0,32,7290,本科,金卡,2021
L000647,C000859,1800000,12,消费贷,0,2024-01-29,0,54,86030,研究生及以上,普通,2022
L000648,C000813,2320000,36,经营贷,60,2024-01-29,1,52,87190,大专及以下,普通,2021
L000649,C000940,3820000,12,经营贷,0,2024-01-30,0,60,98710,大专及以下,钻石,2023
L000650,C000466,3430000,24,经营贷,3,2024-01-31,0,60,4380,大专及以下,金卡,2024
L000651,C000088,4770000,36,经营贷,0,2024-01-31,0,25,63830,大专及以下,普通,2021
L000652,C000883,2870000,24,装修贷,10,2024-02-01,0,51,14940,大专及以下,普通,2021
L000653,C000303,640000,24,消费贷,30,2024-02-01,1,65,34350,大专及以下,金卡,2025
L000654,C000680,4550000,36,消费贷,0,2024-02-02,0,56,3770,本科,普通,2020
L000655,C000435,2320000,12,消费贷,0,2024-02-03,0,42,16240,大专及以下,普通,2025
L000656,C000682,2890000,24,经营贷,0,2024-02-03,0,48,19870,本科,金卡,2021
L000657,C000135,2130000,24,消费贷,0,2024-02-04,0,41,96060,本科,金卡,2023
L000658,C000050,2580000,36,装修贷,0,2024-02-05,0,35,28390,大专及以下,普通,2023
L000659,C000432,180000,36,经营贷,10,2024-02-05,0,43,5810,大专及以下,普通,2024
L000660,C000340,1750000,36,装修贷,0,2024-02-06,0,53,37950,大专及以下,普通,2022
L000661,C000347,4170000,36,装修贷,0,2024-02-06,0,37,61350,大专及以下,金卡,2023
L000662,C000646,2290000,36,消费贷,0,2024-02-07,0,42,43860,大专及以下,金卡,2023
L000663,C000347,2260000,48,消费贷,0,2024-02-08,0,37,61350,大专及以下,金卡,2023
L000664,C000649,840000,36,经营贷,30,2024-02-08,1,36,48950,本科,普通,2020
L000665,C000245,2910000,12,消费贷,10,2024-02-09,0,61,43120,研究生及以上,普通,2021
L000666,C000109,4350000,24,消费贷,0,2024-02-09,0,26,14420,本科,普通,2023
L000667,C000825,3700000,12,经营贷,0,2024-02-10,0,22,90070,大专及以下,普通,2024
L000668,C000799,2460000,12,消费贷,0,2024-02-11,0,58,81320,本科,普通,2023
L000669,C000533,4020000,48,经营贷,3,2024-02-11,0,69,21320,大专及以下,金卡,2024
L000670,C000090,1100000,36,经营贷,0,2024-02-12,0,40,63330,大专及以下,普通,2021
L000671,C000296,2540000,24,消费贷,0,2024-02-12,0,33,67450,大专及以下,普通,2023
L000672,C000112,880000,12,消费贷,10,2024-02-13,0,61,20940,大专及以下,普通,2020
L000673,C000813,720000,36,消费贷,0,2024-02-14,0,52,87190,大专及以下,普通,2021
L000674,C000589,3810000,36,经营贷,10,2024-02-14,0,48,98880,本科,金卡,2023
L000675,C000177,300000,48,消费贷,0,2024-02-15,0,30,10500,本科,普通,2020
L000676,C000343,1720000,48,装修贷,30,2024-02-15,1,50,14080,大专及以下,钻石,2021
L000677,C000660,3090000,48,消费贷,0,2024-02-16,0,48,40980,大专及以下,金卡,2024
L000678,C000101,3940000,24,消费贷,0,2024-02-17,0,62,61380,本科,普通,2024
L000679,C000758,3430000,12,消费贷,0,2024-02-17,0,38,30460,研究生及以上,普通,2025
L000680,C000629,4360000,48,消费贷,10,2024-02-18,0,49,24960,大专及以下,金卡,2023
L000681,C000604,1770000,48,消费贷,0,2024-02-19,0,68,75900,大专及以下,钻石,2022
L000682,C000401,1390000,48,经营贷,0,2024-02-19,0,49,37290,本科,普通,2020
L000683,C000028,1940000,12,经营贷,0,2024-02-20,0,50,11620,大专及以下,普通,2025
L000684,C000937,1860000,12,消费贷,0,2024-02-20,0,19,62160,大专及以下,金卡,2024
L000685,C000962,2180000,48,消费贷,0,2024-02-21,0,68,46850,大专及以下,普通,2020
L000686,C000537,1640000,48,经营贷,30,2024-02-22,1,43,18710,本科,普通,2023
L000687,C000058,1610000,36,经营贷,0,2024-02-22,0,19,17050,大专及以下,普通,2025
L000688,C000498,4310000,48,消费贷,0,2024-02-23,0,40,51850,本科,普通,2023
L000689,C000297,130000,24,装修贷,0,2024-02-23,0,43,51830,大专及以下,普通,2020
L000690,C000134,2960000,24,消费贷,0,2024-02-24,0,40,70410,本科,金卡,2023
L000691,C000331,890000,48,经营贷,0,2024-02-25,0,42,67120,本科,钻石,2020
L000692,C000249,3240000,12,消费贷,0,2024-02-25,0,49,17250,大专及以下,金卡,2025
L000693,C000550,420000,36,消费贷,0,2024-02-26,0,51,65670,本科,金卡,2025
L000694,C000902,4030000,12,装修贷,0,2024-02-26,0,68,46990,大专及以下,普通,2024
L000695,C000941,2100000,48,消费贷,90,2024-02-27,1,65,23030,大专及以下,金卡,2023
L000696,C000075,2290000,24,经营贷,0,2024-02-28,0,59,60660,大专及以下,普通,2023
L000697,C000654,3500000,36,消费贷,0,2024-02-28,0,36,52500,研究生及以上,普通,2022
L000698,C000834,2750000,12,经营贷,3,2024-02-29,0,43,9990,大专及以下,普通,2020
L000699,C000168,4420000,12,装修贷,3,2024-02-29,0,47,58420,研究生及以上,金卡,2020
L000700,C000771,2790000,48,消费贷,0,2024-03-01,0,31,25330,大专及以下,普通,2024
L000701,C000503,2510000,36,装修贷,0,2024-03-02,0,18,15660,本科,普通,2020
L000702,C000885,3100000,24,经营贷,10,2024-03-02,0,67,48320,本科,金卡,2021
L000703,C000355,2080000,48,经营贷,0,2024-03-03,0,68,13790,本科,普通,2024
L000704,C000225,3210000,36,经营贷,0,2024-03-04,0,29,18920,大专及以下,普通,2024
L000705,C000664,1400000,12,装修贷,0,2024-03-04,0,33,3940,本科,普通,2020
L000706,C000531,2800000,48,消费贷,0,2024-03-05,0,47,73060,本科,普通,2024
L000707,C000146,340000,12,消费贷,0,2024-03-05,0,64,70430,大专及以下,普通,2024
L000708,C000960,3090000,12,装修贷,3,2024-03-06,0,49,13290,研究生及以上,普通,2024
L000709,C000241,3920000,48,经营贷,0,2024-03-07,0,18,96240,大专及以下,普通,2020
L000710,C000884,180000,48,消费贷,0,2024-03-07,0,20,95610,大专及以下,普通,2020
L000711,C000893,570000,48,经营贷,0,2024-03-08,0,65,6250,大专及以下,普通,2024
L000712,C000344,1120000,48,经营贷,0,2024-03-08,0,31,42770,大专及以下,普通,2025
L000713,C000749,50000,48,消费贷,3,2024-03-09,0,50,88820,本科,普通,2024
L000714,C000035,4100000,12,消费贷,0,2024-03-10,0,59,63880,大专及以下,普通,2025
L000715,C000702,4140000,24,经营贷,60,2024-03-10,1,26,25280,大专及以下,普通,2024
L000716,C000001,1820000,24,消费贷,0,2024-03-11,0,56,4020,本科,普通,2024
L000717,C000996,130000,48,经营贷,0,2024-03-11,0,25,78050,研究生及以上,普通,2022
L000718,C000153,3390000,12,装修贷,10,2024-03-12,0,56,92840,大专及以下,金卡,2024
L000719,C000429,2850000,24,消费贷,0,2024-03-13,0,56,72010,大专及以下,普通,2020
L000720,C000945,2590000,24,消费贷,0,2024-03-13,0,40,7190,大专及以下,普通,2025
L000721,C000508,900000,24,消费贷,3,2024-03-14,0,42,94740,大专及以下,钻石,2024
L000722,C000126,1040000,12,消费贷,0,2024-03-14,0,45,55150,大专及以下,金卡,2023
L000723,C000491,3790000,48,经营贷,30,2024-03-15,1,34,43320,大专及以下,普通,2025
L000724,C000482,1860000,48,消费贷,90,2024-03-16,1,52,49060,本科,普通,2023
L000725,C000345,2500000,48,经营贷,0,2024-03-16,0,38,88050,研究生及以上,金卡,2024
L000726,C000912,2550000,36,消费贷,0,2024-03-17,0,44,56430,大专及以下,普通,2021
L000727,C000738,760000,36,消费贷,0,2024-03-18,0,37,67350,大专及以下,普通,2025
L000728,C000221,3860000,36,消费贷,0,2024-03-18,0,69,42460,大专及以下,普通,2023
L000729,C000915,4590000,12,消费贷,3,2024-03-19,0,69,34740,本科,普通,2021
L000730,C000919,1080000,24,消费贷,3,2024-03-19,0,32,7290,本科,金卡,2021
L000731,C000723,1560000,24,消费贷,0,2024-03-20,0,23,29960,本科,金卡,2025
L000732,C000025,820000,12,装修贷,0,2024-03-21,0,55,82520,本科,普通,2022
L000733,C000528,770000,12,经营贷,0,2024-03-21,0,22,6450,大专及以下,金卡,2025
L000734,C000182,4850000,48,消费贷,0,2024-03-22,0,45,47120,大专及以下,金卡,2024
L000735,C000499,4700000,48,消费贷,10,2024-03-22,0,26,25190,研究生及以上,金卡,2020
L000736,C000841,4600000,36,消费贷,0,2024-03-23,0,51,79670,大专及以下,普通,2023
L000737,C000641,2580000,36,消费贷,10,2024-03-24,0,47,22390,大专及以下,钻石,2022
L000738,C000042,1270000,12,消费贷,0,2024-03-24,0,69,94610,大专及以下,金卡,2021
L000739,C000915,4850000,36,消费贷,3,2024-03-25,0,69,34740,本科,普通,2021
L000740,C000481,3910000,24,消费贷,0,2024-03-25,0,64,49730,大专及以下,金卡,2023
L000741,C000930,2820000,12,消费贷,0,2024-03-26,0,34,71290,大专及以下,金卡,2023
L000742,C000848,4740000,12,消费贷,0,2024-03-27,0,45,35270,大专及以下,普通,2024
L000743,C000748,880000,24,消费贷,3,2024-03-27,0,42,88110,大专及以下,金卡,2024
L000744,C000872,2040000,48,经营贷,0,2024-03-28,0,21,96790,大专及以下,普通,2021
L000745,C000439,160000,48,消费贷,0,2024-03-28,0,53,58600,大专及以下,普通,2024
L000746,C000402,1510000,24,消费贷,0,2024-03-29,0,40,43250,大专及以下,普通,2022
L000747,C000546,4240000,24,经营贷,0,2024-03-30,0,40,21500,大专及以下,金卡,2024
L000748,C000345,2540000,36,装修贷,0,2024-03-30,0,38,88050,研究生及以上,金卡,2024
L000749,C000893,1880000,12,装修贷,60,2024-03-31,1,65,6250,大专及以下,普通,2024
L000750,C000045,3290000,36,经营贷,0,2024-04-01,0,68,97850,大专及以下,金卡,2021
L000751,C000646,320000,24,消费贷,0,2024-04-01,0,42,43860,大专及以下,金卡,2023
L000752,C000021,2710000,36,经营贷,0,2024-04-02,0,19,70490,本科,普通,2021
L000753,C000634,4850000,24,经营贷,0,2024-04-02,0,29,40300,大专及以下,普通,2021
L000754,C000070,3970000,36,消费贷,0,2024-04-03,0,67,54420,大专及以下,普通,2020
L000755,C000864,50000,36,经营贷,0,2024-04-04,0,38,61780,大专及以下,金卡,2021
L000756,C000873,4590000,48,装修贷,0,2024-04-04,0,18,35530,本科,普通,2022
L000757,C000048,3300000,24,消费贷,0,2024-04-05,0,26,68380,大专及以下,钻石,2022
L000758,C000491,3080000,36,消费贷,3,2024-04-05,0,34,43320,大专及以下,普通,2025
L000759,C000551,3330000,12,消费贷,0,2024-04-06,0,69,2450,大专及以下,金卡,2022
L000760,C000287,1690000,36,消费贷,60,2024-04-07,1,45,28170,本科,普通,2023
L000761,C000010,1810000,36,消费贷,0,2024-04-07,0,40,52260,大专及以下,普通,2020
L000762,C000542,3660000,12,经营贷,0,2024-04-08,0,53,82900,大专及以下,普通,2020
L000763,C000756,1780000,24,经营贷,0,2024-04-08,0,62,57550,本科,普通,2024
L000764,C000274,1430000,48,消费贷,0,2024-04-09,0,36,43430,本科,普通,2024
L000765,C000956,3620000,48,装修贷,90,2024-04-10,1,49,43930,大专及以下,普通,2024
L000766,C000600,2480000,48,消费贷,30,2024-04-10,1,43,20330,本科,钻石,2020
L000767,C000756,1270000,12,消费贷,0,2024-04-11,0,62,57550,本科,普通,2024
L000768,C000381,2630000,36,经营贷,0,2024-04-11,0,61,70810,大专及以下,钻石,2023
L000769,C000329,400000,24,经营贷,0,2024-04-12,0,42,57190,本科,金卡,2022
L000770,C000479,4120000,36,经营贷,0,2024-04-13,0,69,81440,本科,金卡,2022
L000771,C000015,4160000,48,装修贷,0,2024-04-13,0,53,66060,大专及以下,普通,2025
L000772,C000516,3550000,36,经营贷,30,2024-04-14,1,39,72260,本科,普通,2020
L000773,C000191,2550000,12,装修贷,60,2024-04-15,1,61,24710,大专及以下,钻石,2024
L000774,C000168,1430000,12,消费贷,90,2024-04-15,1,47,58420,研究生及以上,金卡,2020
L000775,C000521,2400000,24,经营贷,3,2024-04-16,0,33,10200,大专及以下,金卡,2025
L000776,C000621,2280000,24,装修贷,0,2024-04-16,0,52,83280,大专及以下,金卡,2024
L000777,C000137,3410000,48,经营贷,0,2024-04-17,0,52,29980,大专及以下,普通,2020
L000778,C000154,1980000,24,消费贷,0,2024-04-18,0,44,28120,大专及以下,普通,2020
L000779,C000388,650000,36,经营贷,0,2024-04-18,0,52,81410,本科,钻石,2025
L000780,C000209,3880000,12,经营贷,0,2024-04-19,0,26,99310,研究生及以上,普通,2025
L000781,C000272,110000,12,消费贷,3,2024-04-19,0,43,35320,研究生及以上,普通,2024
L000782,C000143,1080000,12,装修贷,10,2024-04-20,0,18,11650,大专及以下,普通,2021
L000783,C000611,260000,24,消费贷,30,2024-04-21,1,28,97100,大专及以下,普通,2025
L000784,C000889,4450000,12,消费贷,10,2024-04-21,0,22,80040,研究生及以上,普通,2023
L000785,C000820,4210000,12,装修贷,90,2024-04-22,1,19,21560,本科,金卡,2021
L000786,C000069,1510000,12,消费贷,0,2024-04-22,0,53,92110,大专及以下,金卡,2021
L000787,C000247,2210000,48,消费贷,3,2024-04-23,0,49,88660,大专及以下,普通,2022
L000788,C000261,3410000,48,经营贷,0,2024-04-24,0,65,20900,大专及以下,普通,2021
L000789,C000788,4960000,24,经营贷,0,2024-04-24,0,45,3130,研究生及以上,普通,2025
L000790,C000079,2370000,12,消费贷,90,2024-04-25,1,43,56600,大专及以下,金卡,2020
L000791,C000658,2370000,24,装修贷,30,2024-04-25,1,45,38410,本科,普通,2025
L000792,C000623,4970000,12,经营贷,0,2024-04-26,0,52,90870,研究生及以上,普通,2025
L000793,C000770,2190000,12,经营贷,0,2024-04-27,0,66,2160,大专及以下,金卡,2022
L000794,C000605,4870000,12,经营贷,0,2024-04-27,0,58,92790,大专及以下,普通,2021
L000795,C000525,4240000,24,经营贷,0,2024-04-28,0,46,86020,大专及以下,普通,2025
L000796,C000772,4610000,24,消费贷,30,2024-04-29,1,32,55630,大专及以下,普通,2021
L000797,C000938,1510000,12,消费贷,0,2024-04-29,0,30,36680,大专及以下,普通,2023
L000798,C000621,1230000,36,经营贷,0,2024-04-30,0,52,83280,大专及以下,金卡,2024
L000799,C000330,1440000,24,装修贷,0,2024-04-30,0,52,84560,本科,普通,2022
L000800,C000189,4780000,48,消费贷,0,2024-05-01,0,45,33280,大专及以下,普通,2023
L000801,C000095,1890000,24,经营贷,0,2024-05-02,0,35,70880,研究生及以上,普通,2025
L000802,C000617,2550000,12,装修贷,30,2024-05-02,1,27,54700,大专及以下,普通,2023
L000803,C000008,680000,36,消费贷,0,2024-05-03,0,56,69090,本科,普通,2025
L000804,C000067,1040000,12,消费贷,0,2024-05-03,0,31,11630,大专及以下,普通,2023
L000805,C000496,3360000,48,消费贷,0,2024-05-04,0,43,68370,大专及以下,普通,2023
L000806,C000191,1590000,24,经营贷,0,2024-05-05,0,61,24710,大专及以下,钻石,2024
L000807,C000366,3090000,24,消费贷,10,2024-05-05,0,44,32860,大专及以下,普通,2022
L000808,C000768,3620000,12,消费贷,0,2024-05-06,0,64,52090,大专及以下,普通,2025
L000809,C000521,4090000,12,经营贷,3,2024-05-06,0,33,10200,大专及以下,金卡,2025
L000810,C000990,3000000,48,经营贷,0,2024-05-07,0,60,47120,大专及以下,普通,2023
L000811,C000117,3960000,36,消费贷,0,2024-05-08,0,34,3350,本科,普通,2024
L000812,C000267,900000,48,消费贷,0,2024-05-08,0,46,48570,大专及以下,金卡,2025
L000813,C000611,3570000,36,经营贷,0,2024-05-09,0,28,97100,大专及以下,普通,2025
L000814,C000485,2560000,24,装修贷,10,2024-05-09,0,33,72240,大专及以下,普通,2022
L000815,C000509,4960000,36,装修贷,0,2024-05-10,0,57,33230,大专及以下,金卡,2020
L000816,C000298,3530000,36,经营贷,0,2024-05-11,0,65,53320,大专及以下,普通,2024
L000817,C000909,2200000,24,消费贷,0,2024-05-11,0,35,22130,大专及以下,金卡,2022
L000818,C000164,90000,24,消费贷,0,2024-05-12,0,66,13020,本科,普通,2023
L000819,C000376,120000,24,消费贷,30,2024-05-13,1,36,21510,本科,普通,2023
L000820,C000653,3250000,48,消费贷,0,2024-05-13,0,58,29080,大专及以下,普通,2025
L000821,C000268,4380000,24,经营贷,0,2024-05-14,0,20,28130,大专及以下,普通,2025
L000822,C000549,2440000,12,消费贷,60,2024-05-14,1,53,21330,大专及以下,普通,2025
L000823,C000074,1820000,24,消费贷,0,2024-05-15,0,23,82950,大专及以下,钻石,2025
L000824,C000508,2840000,24,装修贷,0,2024-05-16,0,42,94740,大专及以下,钻石,2024
L000825,C000073,3120000,24,消费贷,0,2024-05-16,0,19,87590,本科,普通,2025
L000826,C000308,990000,36,消费贷,3,2024-05-17,0,26,35510,大专及以下,普通,2025
L000827,C000199,1970000,48,消费贷,3,2024-05-17,0,18,22160,大专及以下,金卡,2023
L000828,C000130,4820000,24,经营贷,0,2024-05-18,0,29,81070,大专及以下,普通,2025
L000829,C000758,3660000,48,经营贷,0,2024-05-19,0,38,30460,研究生及以上,普通,2025
L000830,C000824,2260000,12,消费贷,90,2024-05-19,1,62,6520,大专及以下,金卡,2021
L000831,C000572,3330000,12,经营贷,0,2024-05-20,0,52,79270,研究生及以上,普通,2023
L000832,C000791,1030000,24,经营贷,0,2024-05-20,0,45,68310,大专及以下,普通,2021
L000833,C000615,1060000,12,装修贷,0,2024-05-21,0,38,10740,本科,金卡,2024
L000834,C000808,3650000,48,装修贷,10,2024-05-22,0,45,1890,大专及以下,普通,2020
L000835,C000832,3680000,36,装修贷,0,2024-05-22,0,28,5580,大专及以下,金卡,2025
L000836,C000487,580000,24,经营贷,0,2024-05-23,0,67,4900,本科,普通,2024
L000837,C000853,780000,12,消费贷,0,2024-05-23,0,55,4060,大专及以下,普通,2023
L000838,C000151,750000,48,消费贷,0,2024-05-24,0,43,47700,大专及以下,普通,2020
L000839,C000669,420000,48,消费贷,10,2024-05-25,0,42,71090,研究生及以上,金卡,2021
L000840,C000206,4220000,12,经营贷,0,2024-05-25,0,23,78830,大专及以下,金卡,2025
L000841,C000986,3240000,48,装修贷,0,2024-05-26,0,64,84200,大专及以下,普通,2023
L000842,C000179,1810000,48,经营贷,0,2024-05-27,0,24,54730,研究生及以上,金卡,2024
L000843,C000197,330000,24,消费贷,0,2024-05-27,0,56,69980,大专及以下,普通,2025
L000844,C000735,710000,48,经营贷,10,2024-05-28,0,30,90840,大专及以下,普通,2022
L000845,C000089,560000,12,装修贷,0,2024-05-28,0,31,21480,研究生及以上,普通,2023
L000846,C000799,1050000,24,经营贷,3,2024-05-29,0,58,81320,本科,普通,2023
L000847,C000434,2000000,12,装修贷,0,2024-05-30,0,67,77170,研究生及以上,金卡,2021
L000848,C000788,1010000,36,装修贷,0,2024-05-30,0,45,3130,研究生及以上,普通,2025
L000849,C000748,2560000,12,装修贷,0,2024-05-31,0,42,88110,大专及以下,金卡,2024
L000850,C000183,3070000,12,经营贷,0,2024-05-31,0,19,19650,研究生及以上,钻石,2020
L000851,C000209,740000,24,经营贷,0,2024-06-01,0,26,99310,研究生及以上,普通,2025
L000852,C000493,1710000,48,消费贷,3,2024-06-02,0,45,16210,大专及以下,普通,2021
L000853,C000130,3770000,12,消费贷,0,2024-06-02,0,29,81070,大专及以下,普通,2025
L000854,C000665,1430000,24,经营贷,0,2024-06-03,0,70,54430,本科,普通,2023
L000855,C000013,1660000,36,消费贷,3,2024-06-03,0,41,10180,本科,普通,2023
L000856,C000634,3990000,24,装修贷,10,2024-06-04,0,29,40300,大专及以下,普通,2021
L000857,C000871,2610000,24,消费贷,0,2024-06-05,0,30,86950,本科,金卡,2022
L000858,C000732,2210000,48,装修贷,0,2024-06-05,0,56,36980,本科,普通,2025
L000859,C000106,830000,12,消费贷,0,2024-06-06,0,18,53870,大专及以下,金卡,2025
L000860,C000375,1820000,36,消费贷,3,2024-06-06,0,65,26410,研究生及以上,普通,2021
L000861,C000582,3070000,24,装修贷,10,2024-06-07,0,57,39450,大专及以下,钻石,2025
L000862,C000707,100000,12,消费贷,10,2024-06-08,0,46,97450,大专及以下,普通,2025
L000863,C000698,3960000,12,消费贷,3,2024-06-08,0,63,49110,本科,普通,2021
L000864,C000099,40000,24,消费贷,0,2024-06-09,0,43,1090,大专及以下,普通,2023
L000865,C000594,3510000,12,经营贷,10,2024-06-10,0,52,82940,大专及以下,普通,2023
L000866,C000587,4020000,24,消费贷,0,2024-06-10,0,30,28360,大专及以下,普通,2023
L000867,C000886,3360000,24,经营贷,0,2024-06-11,0,29,38140,大专及以下,普通,2023
L000868,C000852,4880000,24,经营贷,0,2024-06-11,0,22,48900,本科,普通,2024
L000869,C000192,2920000,36,经营贷,60,2024-06-12,1,37,29910,本科,普通,2022
L000870,C000325,2810000,24,经营贷,30,2024-06-13,1,57,53070,大专及以下,普通,2025
L000871,C000979,2150000,48,经营贷,0,2024-06-13,0,66,66270,研究生及以上,金卡,2025
L000872,C000726,4600000,12,消费贷,3,2024-06-14,0,61,65460,大专及以下,普通,2022
L000873,C000827,980000,36,装修贷,10,2024-06-14,0,18,40110,大专及以下,金卡,2020
L000874,C000956,4200000,12,消费贷,0,2024-06-15,0,49,43930,大专及以下,普通,2024
L000875,C000467,1010000,36,经营贷,0,2024-06-16,0,54,59950,本科,金卡,2022
L000876,C000894,4510000,48,消费贷,3,2024-06-16,0,64,65770,大专及以下,普通,2021
L000877,C000367,90000,36,装修贷,0,2024-06-17,0,51,26730,本科,普通,2025
L000878,C000318,610000,36,消费贷,0,2024-06-17,0,41,68220,研究生及以上,普通,2025
L000879,C000144,3090000,36,消费贷,3,2024-06-18,0,52,22360,本科,普通,2020
L000880,C000384,1460000,12,经营贷,30,2024-06-19,1,46,72840,大专及以下,普通,2020
L000881,C000216,4270000,24,经营贷,0,2024-06-19,0,32,2260,本科,普通,2020
L000882,C000361,4190000,12,消费贷,3,2024-06-20,0,55,22060,大专及以下,普通,2023
L000883,C000324,630000,24,经营贷,0,2024-06-20,0,55,22430,本科,普通,2022
L000884,C000015,1210000,12,经营贷,0,2024-06-21,0,53,66060,大专及以下,普通,2025
L000885,C000217,2260000,48,装修贷,0,2024-06-22,0,49,32770,本科,金卡,2022
L000886,C000492,1050000,48,经营贷,0,2024-06-22,0,36,81070,大专及以下,普通,2020
L000887,C000951,4620000,36,消费贷,10,2024-06-23,0,21,96080,大专及以下,金卡,2021
L000888,C000547,2600000,48,消费贷,0,2024-06-24,0,27,12650,研究生及以上,普通,2021
L000889,C000183,3490000,36,装修贷,0,2024-06-24,0,19,19650,研究生及以上,钻石,2020
L000890,C000270,4250000,24,装修贷,0,2024-06-25,0,53,10660,大专及以下,普通,2024
L000891,C000945,2550000,48,消费贷,30,2024-06-25,1,40,7190,大专及以下,普通,2025
L000892,C000467,4290000,24,消费贷,0,2024-06-26,0,54,59950,本科,金卡,2022
L000893,C000870,4340000,12,经营贷,0,2024-06-27,0,62,21710,研究生及以上,金卡,2021
L000894,C000612,2070000,24,消费贷,0,2024-06-27,0,46,10540,大专及以下,钻石,2021
L000895,C000519,280000,12,消费贷,10,2024-06-28,0,29,67400,大专及以下,普通,2024
L000896,C000542,1700000,24,消费贷,0,2024-06-28,0,53,82900,大专及以下,普通,2020
L000897,C000467,3360000,24,消费贷,0,2024-06-29,0,54,59950,本科,金卡,2022
L000898,C000305,760000,48,消费贷,0,2024-06-30,0,22,49730,大专及以下,普通,2020
L000899,C000985,1160000,24,经营贷,3,2024-06-30,0,43,96560,大专及以下,普通,2025
L000900,C000144,690000,48,消费贷,0,2024-07-01,0,52,22360,本科,普通,2020
L000901,C000111,3540000,48,消费贷,0,2024-07-01,0,18,29240,本科,普通,2023
L000902,C000232,2340000,36,消费贷,0,2024-07-02,0,34,29720,大专及以下,普通,2021
L000903,C000691,10000,36,消费贷,0,2024-07-03,0,29,46690,大专及以下,金卡,2025
L000904,C000584,1670000,12,消费贷,3,2024-07-03,0,60,83450,大专及以下,普通,2025
L000905,C000722,3520000,24,消费贷,0,2024-07-04,0,53,38780,本科,金卡,2021
L000906,C000732,2180000,12,经营贷,30,2024-07-05,1,56,36980,本科,普通,2025
L000907,C000592,2730000,24,消费贷,60,2024-07-05,1,68,91410,本科,普通,2024
L000908,C000500,3680000,36,消费贷,0,2024-07-06,0,29,92260,研究生及以上,普通,2025
L000909,C000595,2510000,36,消费贷,3,2024-07-06,0,40,80060,大专及以下,普通,2024
L000910,C000554,3470000,24,经营贷,3,2024-07-07,0,36,87230,大专及以下,普通,2023
L000911,C000273,3440000,24,装修贷,30,2024-07-08,1,20,7880,本科,普通,2025
L000912,C000703,4190000,36,消费贷,0,2024-07-08,0,67,52260,大专及以下,金卡,2024
L000913,C000173,1740000,36,装修贷,0,2024-07-09,0,32,10220,大专及以下,普通,2020
L000914,C000973,1700000,12,消费贷,0,2024-07-09,0,22,67380,大专及以下,金卡,2024
L000915,C000007,2460000,36,装修贷,10,2024-07-10,0,38,4640,大专及以下,普通,2021
L000916,C000155,4230000,24,消费贷,0,2024-07-11,0,26,22920,本科,金卡,2020
L000917,C000522,900000,12,经营贷,0,2024-07-11,0,68,76640,大专及以下,普通,2020
L000918,C000546,490000,24,经营贷,0,2024-07-12,0,40,21500,大专及以下,金卡,2024
L000919,C000548,4460000,48,消费贷,0,2024-07-12,0,22,86670,大专及以下,普通,2023
L000920,C000921,2940000,12,装修贷,0,2024-07-13,0,59,58240,大专及以下,金卡,2021
L000921,C000518,4070000,24,经营贷,0,2024-07-14,0,20,77940,大专及以下,金卡,2021
L000922,C000920,1500000,36,消费贷,0,2024-07-14,0,47,3690,大专及以下,金卡,2020
L000923,C000914,1320000,48,消费贷,30,2024-07-15,1,51,71620,本科,普通,2020
L000924,C000215,4330000,24,消费贷,0,2024-07-15,0,41,60590,大专及以下,普通,2023
L000925,C000134,590000,12,装修贷,3,2024-07-16,0,40,70410,本科,金卡,2023
L000926,C000285,4570000,24,经营贷,0,2024-07-17,0,18,90140,本科,普通,2020
L000927,C000126,3240000,48,消费贷,0,2024-07-17,0,45,55150,大专及以下,金卡,2023
L000928,C000921,1990000,12,经营贷,10,2024-07-18,0,59,58240,大专及以下,金卡,2021
L000929,C000439,2150000,48,装修贷,3,2024-07-19,0,53,58600,大专及以下,普通,2024
L000930,C000849,3860000,24,经营贷,0,2024-07-19,0,34,48800,研究生及以上,普通,2022
L000931,C000686,490000,36,经营贷,60,2024-07-20,1,46,92090,大专及以下,金卡,2025
L000932,C000152,4720000,36,经营贷,30,2024-07-20,1,31,22900,本科,普通,2021
L000933,C000331,2320000,24,消费贷,60,2024-07-21,1,42,67120,本科,钻石,2020
L000934,C000538,2470000,24,消费贷,0,2024-07-22,0,43,95540,大专及以下,普通,2025
L000935,C000383,3820000,24,装修贷,0,2024-07-22,0,47,83320,研究生及以上,金卡,2024
L000936,C000115,4790000,12,消费贷,0,2024-07-23,0,28,80840,大专及以下,普通,2024
L000937,C000894,2390000,48,装修贷,0,2024-07-23,0,64,65770,大专及以下,普通,2021
L000938,C000482,4150000,48,消费贷,0,2024-07-24,0,52,49060,本科,普通,2023
L000939,C000284,3670000,48,消费贷,3,2024-07-25,0,57,10510,大专及以下,普通,2025
L000940,C000899,1680000,24,装修贷,0,2024-07-25,0,31,16250,本科,普通,2020
L000941,C000075,480000,48,经营贷,0,2024-07-26,0,59,60660,大专及以下,普通,2023
L000942,C000166,510000,24,消费贷,0,2024-07-26,0,49,56670,大专及以下,金卡,2022
L000943,C000189,2990000,12,经营贷,3,2024-07-27,0,45,33280,大专及以下,普通,2023
L000944,C000078,980000,36,经营贷,0,2024-07-28,0,35,26510,大专及以下,普通,2023
L000945,C000947,4390000,24,经营贷,10,2024-07-28,0,48,10560,大专及以下,钻石,2024
L000946,C000602,2160000,24,消费贷,0,2024-07-29,0,43,13900,大专及以下,普通,2021
L000947,C000688,1770000,36,装修贷,3,2024-07-29,0,28,91770,大专及以下,普通,2020
L000948,C000021,3800000,36,装修贷,90,2024-07-30,1,19,70490,本科,普通,2021
L000949,C000566,4740000,12,消费贷,0,2024-07-31,0,49,97550,大专及以下,普通,2022
L000950,C000184,800000,48,装修贷,90,2024-07-31,1,59,61280,研究生及以上,金卡,2023
L000951,C000871,1850000,24,装修贷,0,2024-08-01,0,30,86950,本科,金卡,2022
L000952,C000222,3670000,48,经营贷,0,2024-08-02,0,66,72960,大专及以下,普通,2020
L000953,C000827,4610000,24,经营贷,0,2024-08-02,0,18,40110,大专及以下,金卡,2020
L000954,C000328,3990000,12,消费贷,0,2024-08-03,0,65,46470,本科,金卡,2022
L000955,C000179,270000,36,消费贷,10,2024-08-03,0,24,54730,研究生及以上,金卡,2024
L000956,C000788,4520000,12,经营贷,0,2024-08-04,0,45,3130,研究生及以上,普通,2025
L000957,C000112,4640000,36,装修贷,0,2024-08-05,0,61,20940,大专及以下,普通,2020
L000958,C000736,4480000,48,经营贷,0,2024-08-05,0,67,8910,研究生及以上,金卡,2022
L000959,C000726,4780000,48,经营贷,0,2024-08-06,0,61,65460,大专及以下,普通,2022
L000960,C000059,4920000,12,消费贷,0,2024-08-06,0,37,57220,大专及以下,普通,2022
L000961,C000327,4140000,36,消费贷,3,2024-08-07,0,52,26380,大专及以下,钻石,2020
L000962,C000905,4200000,12,消费贷,0,2024-08-08,0,51,84210,大专及以下,金卡,2025
L000963,C000621,1950000,36,消费贷,0,2024-08-08,0,52,83280,大专及以下,金卡,2024
L000964,C000897,2140000,36,经营贷,0,2024-08-09,0,54,47480,本科,金卡,2020
L000965,C000669,3690000,48,消费贷,0,2024-08-09,0,42,71090,研究生及以上,金卡,2021
L000966,C000191,3420000,48,经营贷,0,2024-08-10,0,61,24710,大专及以下,钻石,2024
L000967,C000200,1140000,36,消费贷,10,2024-08-11,0,44,58790,研究生及以上,普通,2022
L000968,C000312,2420000,36,经营贷,0,2024-08-11,0,65,9320,大专及以下,普通,2020
L000969,C000708,1240000,36,经营贷,0,2024-08-12,0,54,34560,本科,普通,2021
L000970,C000035,3050000,48,消费贷,0,2024-08-12,0,59,63880,大专及以下,普通,2025
L000971,C000379,760000,48,消费贷,0,2024-08-13,0,66,90960,本科,普通,2022
L000972,C000387,3110000,24,消费贷,3,2024-08-14,0,23,17220,大专及以下,金卡,2021
L000973,C000758,4690000,36,装修贷,0,2024-08-14,0,38,30460,研究生及以上,普通,2025
L000974,C000237,3120000,24,消费贷,0,2024-08-15,0,40,66140,大专及以下,普通,2024
L000975,C000616,1960000,36,经营贷,3,2024-08-16,0,53,42330,大专及以下,普通,2024
L000976,C000519,3510000,48,装修贷,0,2024-08-16,0,29,67400,大专及以下,普通,2024
L000977,C000283,440000,24,经营贷,0,2024-08-17,0,35,81580,大专及以下,钻石,2023
L000978,C000001,4150000,24,消费贷,0,2024-08-17,0,56,4020,本科,普通,2024
L000979,C000731,1860000,12,装修贷,0,2024-08-18,0,36,10330,本科,普通,2023
L000980,C000464,3430000,36,消费贷,30,2024-08-19,1,23,14410,大专及以下,普通,2024
L000981,C000230,2460000,48,消费贷,0,2024-08-19,0,54,94970,本科,普通,2024
L000982,C000967,4370000,12,装修贷,3,2024-08-20,0,45,54700,本科,金卡,2021
L000983,C000172,840000,12,经营贷,0,2024-08-20,0,62,95460,大专及以下,普通,2022
L000984,C000087,2070000,36,消费贷,10,2024-08-21,0,32,43080,大专及以下,金卡,2021
L000985,C000553,1510000,12,消费贷,0,2024-08-22,0,27,79320,大专及以下,普通,2021
L000986,C000123,1560000,36,消费贷,0,2024-08-22,0,59,82620,本科,普通,2025
L000987,C000843,160000,12,经营贷,0,2024-08-23,0,52,72790,大专及以下,普通,2021
L000988,C000298,1650000,36,消费贷,0,2024-08-23,0,65,53320,大专及以下,普通,2024
L000989,C000885,4050000,48,装修贷,0,2024-08-24,0,67,48320,本科,金卡,2021
L000990,C000929,4630000,36,装修贷,3,2024-08-25,0,27,6750,大专及以下,普通,2023
L000991,C000690,1450000,36,装修贷,30,2024-08-25,1,64,83130,本科,普通,2021
L000992,C000575,4980000,24,消费贷,0,2024-08-26,0,68,36640,大专及以下,普通,2020
L000993,C000484,370000,48,经营贷,0,2024-08-26,0,69,60130,大专及以下,普通,2024
L000994,C000165,3330000,48,装修贷,10,2024-08-27,0,69,82350,大专及以下,金卡,2025
L000995,C000699,4030000,48,装修贷,0,2024-08-28,0,30,90540,大专及以下,普通,2022
L000996,C000383,4140000,12,消费贷,90,2024-08-28,1,47,83320,研究生及以上,金卡,2024
L000997,C000209,450000,24,消费贷,0,2024-08-29,0,26,99310,研究生及以上,普通,2025
L000998,C000739,4020000,48,消费贷,0,2024-08-30,0,45,23550,大专及以下,普通,2023
L000999,C000432,2060000,12,经营贷,0,2024-08-30,0,43,5810,大专及以下,普通,2024
L001000,C000389,620000,12,经营贷,0,2024-08-31,0,58,4410,研究生及以上,普通,2025
L001001,C000560,4200000,12,装修贷,0,2024-08-31,0,33,76110,大专及以下,普通,2023
L001002,C000224,3560000,24,消费贷,30,2024-09-01,1,69,38970,本科,普通,2025
L001003,C000003,4680000,12,消费贷,90,2024-09-02,1,46,1550,大专及以下,普通,2022
L001004,C000372,3080000,24,消费贷,0,2024-09-02,0,64,74680,研究生及以上,普通,2021
L001005,C000687,190000,36,消费贷,0,2024-09-03,0,60,81730,本科,普通,2021
L001006,C000446,3650000,12,消费贷,0,2024-09-03,0,31,13520,大专及以下,金卡,2023
L001007,C000611,3000000,48,经营贷,10,2024-09-04,0,28,97100,大专及以下,普通,2025
L001008,C000116,70000,12,经营贷,0,2024-09-05,0,68,17040,大专及以下,金卡,2023
L001009,C000270,2490000,36,经营贷,0,2024-09-05,0,53,10660,大专及以下,普通,2024
L001010,C000447,4280000,36,消费贷,0,2024-09-06,0,29,43030,本科,普通,2023
L001011,C000368,1170000,12,消费贷,0,2024-09-06,0,38,26990,本科,普通,2022
L001012,C000253,680000,36,消费贷,90,2024-09-07,1,55,87660,本科,普通,2024
L001013,C000317,340000,24,装修贷,0,2024-09-08,0,50,34000,本科,金卡,2024
L001014,C000415,1940000,24,消费贷,0,2024-09-08,0,64,94280,本科,金卡,2020
L001015,C000095,3250000,12,装修贷,0,2024-09-09,0,35,70880,研究生及以上,普通,2025
L001016,C000785,550000,24,消费贷,0,2024-09-09,0,55,42970,本科,普通,2024
L001017,C000892,2660000,24,装修贷,0,2024-09-10,0,34,92310,大专及以下,普通,2020
L001018,C000024,4800000,48,装修贷,0,2024-09-11,0,47,31860,大专及以下,金卡,2020
L001019,C000628,420000,12,消费贷,0,2024-09-11,0,56,4170,研究生及以上,普通,2023
L001020,C000663,2970000,36,经营贷,0,2024-09-12,0,64,98390,大专及以下,普通,2022
L001021,C000850,4610000,12,消费贷,0,2024-09-13,0,22,20270,大专及以下,普通,2020
L001022,C000050,2310000,24,装修贷,0,2024-09-13,0,35,28390,大专及以下,普通,2023
L001023,C000502,4530000,48,消费贷,3,2024-09-14,0,18,45970,大专及以下,金卡,2020
L001024,C000718,3780000,12,消费贷,0,2024-09-14,0,24,19230,本科,普通,2021
L001025,C000498,3940000,12,经营贷,0,2024-09-15,0,40,51850,本科,普通,2023
L001026,C000335,100000,24,装修贷,0,2024-09-16,0,35,62500,大专及以下,金卡,2022
L001027,C000079,3580000,24,消费贷,0,2024-09-16,0,43,56600,大专及以下,金卡,2020
L001028,C000582,4750000,12,经营贷,0,2024-09-17,0,57,39450,大专及以下,钻石,2025
L001029,C000027,4440000,24,消费贷,30,2024-09-17,1,38,90050,大专及以下,金卡,2023
L001030,C000271,1280000,24,消费贷,0,2024-09-18,0,36,50440,大专及以下,普通,2022
L001031,C000562,1790000,24,经营贷,0,2024-09-19,0,33,19280,本科,普通,2022
L001032,C000804,4050000,24,消费贷,3,2024-09-19,0,50,79330,大专及以下,金卡,2022
L001033,C000247,3920000,24,消费贷,0,2024-09-20,0,49,88660,大专及以下,普通,2022
L001034,C000776,1930000,48,装修贷,60,2024-09-20,1,20,42670,大专及以下,普通,2023
L001035,C000591,920000,24,消费贷,0,2024-09-21,0,19,25660,大专及以下,普通,2023
L001036,C000387,3690000,36,经营贷,10,2024-09-22,0,23,17220,大专及以下,金卡,2021
L001037,C000702,2310000,12,消费贷,10,2024-09-22,0,26,25280,大专及以下,普通,2024
L001038,C000559,780000,48,消费贷,90,2024-09-23,1,21,81560,大专及以下,普通,2024
L001039,C000973,850000,48,消费贷,30,2024-09-23,1,22,67380,大专及以下,金卡,2024
L001040,C000361,300000,24,经营贷,30,2024-09-24,1,55,22060,大专及以下,普通,2023
L001041,C000866,2130000,12,经营贷,3,2024-09-25,0,26,91940,本科,普通,2021
L001042,C000984,490000,36,消费贷,0,2024-09-25,0,26,72750,大专及以下,金卡,2024
L001043,C000488,2650000,24,消费贷,0,2024-09-26,0,59,45300,本科,金卡,2025
L001044,C000352,1450000,12,装修贷,0,2024-09-27,0,50,45910,大专及以下,普通,2022
L001045,C000701,690000,24,消费贷,60,2024-09-27,1,59,51430,大专及以下,金卡,2022
L001046,C000928,580000,24,装修贷,3,2024-09-28,0,34,67560,大专及以下,普通,2022
L001047,C000256,1850000,24,消费贷,30,2024-09-28,1,69,37000,大专及以下,普通,2023
L001048,C000222,620000,24,经营贷,10,2024-09-29,0,66,72960,大专及以下,普通,2020
L001049,C000884,4790000,24,消费贷,0,2024-09-30,0,20,95610,大专及以下,普通,2020
L001050,C000753,3080000,24,装修贷,0,2024-09-30,0,61,10590,大专及以下,普通,2025
L001051,C000781,4450000,24,经营贷,0,2024-10-01,0,27,62540,本科,普通,2023
L001052,C000001,2960000,36,消费贷,0,2024-10-01,0,56,4020,本科,普通,2024
L001053,C000546,1660000,48,消费贷,0,2024-10-02,0,40,21500,大专及以下,金卡,2024
L001054,C000446,1710000,36,经营贷,60,2024-10-03,1,31,13520,大专及以下,金卡,2023
L001055,C000079,630000,24,经营贷,3,2024-10-03,0,43,56600,大专及以下,金卡,2020
L001056,C000236,1470000,24,消费贷,0,2024-10-04,0,45,47620,大专及以下,普通,2023
L001057,C000334,4840000,36,消费贷,0,2024-10-04,0,63,10430,大专及以下,钻石,2021
L001058,C000889,3060000,36,装修贷,0,2024-10-05,0,22,80040,研究生及以上,普通,2023
L001059,C000349,1610000,48,消费贷,0,2024-10-06,0,24,49410,大专及以下,普通,2025
L001060,C000098,1410000,36,经营贷,0,2024-10-06,0,41,91930,本科,金卡,2024
L001061,C000082,3340000,48,消费贷,0,2024-10-07,0,27,64160,本科,普通,2025
L001062,C000502,970000,24,装修贷,0,2024-10-07,0,18,45970,大专及以下,金卡,2020
L001063,C000967,4460000,12,装修贷,0,2024-10-08,0,45,54700,本科,金卡,2021
L001064,C000477,2210000,12,装修贷,30,2024-10-09,1,62,40930,大专及以下,普通,2022
L001065,C000927,430000,12,消费贷,0,2024-10-09,0,27,72150,研究生及以上,普通,2020
L001066,C000704,4330000,12,装修贷,0,2024-10-10,0,44,83200,本科,普通,2025
L001067,C000765,2920000,24,消费贷,0,2024-10-11,0,36,58970,本科,普通,2024
L001068,C000921,3780000,12,经营贷,0,2024-10-11,0,59,58240,大专及以下,金卡,2021
L001069,C000550,1080000,36,经营贷,0,2024-10-12,0,51,65670,本科,金卡,2025
L001070,C000014,2660000,36,消费贷,3,2024-10-12,0,70,28970,本科,普通,2025
L001071,C000392,950000,12,装修贷,0,2024-10-13,0,46,7450,大专及以下,普通,2021
L001072,C000347,2620000,36,消费贷,0,2024-10-14,0,37,61350,大专及以下,金卡,2023
L001073,C000310,3130000,48,经营贷,0,2024-10-14,0,52,77430,大专及以下,钻石,2022
L001074,C000386,3850000,24,经营贷,0,2024-10-15,0,70,72410,大专及以下,金卡,2022
L001075,C000209,710000,12,经营贷,0,2024-10-15,0,26,99310,研究生及以上,普通,2025
L001076,C000357,4420000,12,消费贷,0,2024-10-16,0,39,60860,大专及以下,普通,2021
L001077,C000974,2190000,24,消费贷,3,2024-10-17,0,58,66700,本科,普通,2023
L001078,C000601,210000,36,装修贷,10,2024-10-17,0,27,14800,大专及以下,普通,2024
L001079,C000568,920000,24,消费贷,3,2024-10-18,0,37,83020,大专及以下,普通,2023
L001080,C000094,1270000,24,消费贷,0,2024-10-18,0,62,43340,本科,普通,2021
L001081,C000093,800000,36,消费贷,0,2024-10-19,0,33,20170,大专及以下,普通,2023
L001082,C000340,3120000,24,消费贷,90,2024-10-20,1,53,37950,大专及以下,普通,2022
L001083,C000597,2380000,36,装修贷,0,2024-10-20,0,43,73870,大专及以下,普通,2022
L001084,C000445,4710000,36,消费贷,0,2024-10-21,0,33,80700,大专及以下,普通,2022
L001085,C000757,3720000,24,经营贷,0,2024-10-21,0,64,45730,大专及以下,普通,2025
L001086,C000022,4040000,48,消费贷,0,2024-10-22,0,41,69820,本科,金卡,2023
L001087,C000291,4860000,36,消费贷,0,2024-10-23,0,48,74110,大专及以下,普通,2023
L001088,C000485,1820000,24,消费贷,0,2024-10-23,0,33,72240,大专及以下,普通,2022
L001089,C000784,250000,36,消费贷,0,2024-10-24,0,25,21430,大专及以下,普通,2021
L001090,C000306,1560000,48,消费贷,30,2024-10-25,1,54,15810,本科,普通,2022
L001091,C000634,50000,48,经营贷,0,2024-10-25,0,29,40300,大专及以下,普通,2021
L001092,C000128,1200000,12,消费贷,0,2024-10-26,0,26,60510,大专及以下,普通,2025
L001093,C000625,2770000,36,消费贷,0,2024-10-26,0,53,51680,大专及以下,金卡,2021
L001094,C000939,180000,36,消费贷,0,2024-10-27,0,60,99470,本科,金卡,2024
L001095,C000273,4310000,24,消费贷,0,2024-10-28,0,20,7880,本科,普通,2025
L001096,C000848,1980000,36,装修贷,10,2024-10-28,0,45,35270,大专及以下,普通,2024
L001097,C000442,570000,12,经营贷,0,2024-10-29,0,18,92300,大专及以下,普通,2024
L001098,C000503,930000,48,消费贷,10,2024-10-29,0,18,15660,本科,普通,2020
L001099,C000130,190000,48,消费贷,0,2024-10-30,0,29,81070,大专及以下,普通,2025
L001100,C000132,3840000,12,装修贷,0,2024-10-31,0,50,95440,大专及以下,普通,2025
L001101,C000597,3530000,36,消费贷,30,2024-10-31,1,43,73870,大专及以下,普通,2022
L001102,C000935,1930000,36,装修贷,0,2024-11-01,0,23,61520,大专及以下,普通,2025
L001103,C000482,2370000,12,消费贷,0,2024-11-01,0,52,49060,本科,普通,2023
L001104,C000862,3870000,24,装修贷,0,2024-11-02,0,36,90460,大专及以下,普通,2023
L001105,C000390,4260000,48,装修贷,0,2024-11-03,0,54,21740,大专及以下,普通,2021
L001106,C000593,2770000,12,经营贷,0,2024-11-03,0,67,74120,大专及以下,普通,2021
L001107,C000999,2270000,12,消费贷,0,2024-11-04,0,69,10860,大专及以下,金卡,2020
L001108,C000985,2330000,36,消费贷,0,2024-11-04,0,43,96560,大专及以下,普通,2025
L001109,C000325,400000,48,消费贷,0,2024-11-05,0,57,53070,大专及以下,普通,2025
L001110,C000069,3230000,36,消费贷,3,2024-11-06,0,53,92110,大专及以下,金卡,2021
L001111,C000660,1530000,12,消费贷,10,2024-11-06,0,48,40980,大专及以下,金卡,2024
L001112,C000448,1270000,24,消费贷,3,2024-11-07,0,68,84630,大专及以下,普通,2022
L001113,C000528,2370000,48,经营贷,0,2024-11-08,0,22,6450,大专及以下,金卡,2025
L001114,C000819,4860000,12,经营贷,30,2024-11-08,1,42,20250,研究生及以上,金卡,2025
L001115,C000617,4930000,12,消费贷,0,2024-11-09,0,27,54700,大专及以下,普通,2023
L001116,C000165,550000,24,消费贷,30,2024-11-09,1,69,82350,大专及以下,金卡,2025
L001117,C000488,4680000,12,装修贷,0,2024-11-10,0,59,45300,本科,金卡,2025
L001118,C000713,4360000,12,消费贷,0,2024-11-11,0,62,34420,本科,金卡,2025
L001119,C000709,1720000,48,经营贷,3,2024-11-11,0,55,88070,大专及以下,普通,2023
L001120,C000426,1090000,48,消费贷,0,2024-11-12,0,26,78150,本科,金卡,2024
L001121,C000697,3540000,48,消费贷,0,2024-11-12,0,24,85760,本科,金卡,2021
L001122,C000834,4690000,36,消费贷,10,2024-11-13,0,43,9990,大专及以下,普通,2020
L001123,C000265,1840000,24,消费贷,10,2024-11-14,0,23,64200,大专及以下,金卡,2021
L001124,C000875,4390000,48,装修贷,60,2024-11-14,1,57,10550,大专及以下,普通,2024
L001125,C000612,3680000,36,经营贷,0,2024-11-15,0,46,10540,大专及以下,钻石,2021
L001126,C000342,4710000,36,消费贷,0,2024-11-15,0,21,92060,大专及以下,普通,2023
L001127,C000832,1980000,24,装修贷,0,2024-11-16,0,28,5580,大专及以下,金卡,2025
L001128,C000726,3710000,24,消费贷,0,2024-11-17,0,61,65460,大专及以下,普通,2022
L001129,C000278,3730000,12,装修贷,0,2024-11-17,0,69,68040,大专及以下,钻石,2020
L001130,C000674,4610000,36,装修贷,0,2024-11-18,0,40,95390,大专及以下,金卡,2021
L001131,C000439,4970000,48,消费贷,0,2024-11-18,0,53,58600,大专及以下,普通,2024
L001132,C000157,870000,24,消费贷,0,2024-11-19,0,32,41330,大专及以下,普通,2021
L001133,C000422,2010000,36,消费贷,3,2024-11-20,0,43,49530,大专及以下,普通,2023
L001134,C000251,3370000,48,经营贷,90,2024-11-20,1,28,86770,本科,普通,2021
L001135,C000878,3220000,36,经营贷,3,2024-11-21,0,45,48030,本科,普通,2022
L001136,C000609,2750000,24,装修贷,3,2024-11-22,0,67,96470,大专及以下,普通,2025
L001137,C000530,2110000,12,经营贷,0,2024-11-22,0,66,39100,大专及以下,钻石,2025
L001138,C000327,3910000,36,消费贷,90,2024-11-23,1,52,26380,大专及以下,钻石,2020
L001139,C000961,1180000,48,消费贷,0,2024-11-23,0,67,93270,大专及以下,普通,2023
L001140,C000895,1910000,24,经营贷,10,2024-11-24,0,40,1010,本科,普通,2023
L001141,C000097,420000,12,消费贷,60,2024-11-25,1,70,38440,本科,金卡,2023
L001142,C000513,420000,48,经营贷,30,2024-11-25,1,33,2300,大专及以下,金卡,2024
L001143,C000216,3150000,48,消费贷,0,2024-11-26,0,32,2260,本科,普通,2020
L001144,C000132,2760000,48,消费贷,0,2024-11-26,0,50,95440,大专及以下,普通,2025
L001145,C000260,3290000,36,消费贷,0,2024-11-27,0,28,13050,研究生及以上,普通,2025
L001146,C000125,170000,24,经营贷,0,2024-11-28,0,58,26600,大专及以下,普通,2022
L001147,C000082,2830000,48,消费贷,0,2024-11-28,0,27,64160,本科,普通,2025
L001148,C000283,4310000,36,经营贷,0,2024-11-29,0,35,81580,大专及以下,钻石,2023
L001149,C000683,2580000,24,消费贷,0,2024-11-29,0,22,13650,大专及以下,普通,2024
L001150,C000059,630000,24,经营贷,0,2024-11-30,0,37,57220,大专及以下,普通,2022
L001151,C000544,620000,36,经营贷,3,2024-12-01,0,47,45350,大专及以下,金卡,2021
L001152,C000161,1000000,36,消费贷,0,2024-12-01,0,68,20700,研究生及以上,普通,2024
L001153,C000284,190000,48,经营贷,0,2024-12-02,0,57,10510,大专及以下,普通,2025
L001154,C000106,170000,24,消费贷,3,2024-12-02,0,18,53870,大专及以下,金卡,2025
L001155,C000105,3250000,12,消费贷,0,2024-12-03,0,62,21600,大专及以下,金卡,2022
L001156,C000439,4230000,36,消费贷,30,2024-12-04,1,53,58600,大专及以下,普通,2024
L001157,C000228,4660000,24,经营贷,0,2024-12-04,0,20,35170,本科,普通,2025
L001158,C000700,3730000,24,装修贷,0,2024-12-05,0,57,54460,大专及以下,普通,2022
L001159,C000582,2460000,48,经营贷,0,2024-12-06,0,57,39450,大专及以下,钻石,2025
L001160,C000318,2510000,12,经营贷,0,2024-12-06,0,41,68220,研究生及以上,普通,2025
L001161,C000464,4550000,48,经营贷,0,2024-12-07,0,23,14410,大专及以下,普通,2024
L001162,C000802,810000,12,消费贷,0,2024-12-07,0,34,20490,大专及以下,普通,2020
L001163,C000599,390000,12,装修贷,0,2024-12-08,0,46,47750,本科,普通,2022
L001164,C000882,360000,36,消费贷,0,2024-12-09,0,43,97330,大专及以下,金卡,2025
L001165,C000874,4240000,24,装修贷,0,2024-12-09,0,66,67750,大专及以下,普通,2022
L001166,C000472,4290000,24,经营贷,0,2024-12-10,0,61,72190,大专及以下,钻石,2020
L001167,C000056,3880000,24,经营贷,0,2024-12-10,0,43,15600,本科,金卡,2023
L001168,C000625,4860000,12,经营贷,0,2024-12-11,0,53,51680,大专及以下,金卡,2021
L001169,C000013,4090000,24,消费贷,0,2024-12-12,0,41,10180,本科,普通,2023
L001170,C000440,1970000,36,经营贷,0,2024-12-12,0,62,13400,本科,金卡,2020
L001171,C000018,1580000,12,消费贷,0,2024-12-13,0,20,82720,大专及以下,金卡,2024
L001172,C000694,2040000,12,经营贷,10,2024-12-13,0,61,75370,本科,普通,2025
L001173,C000973,1960000,12,经营贷,0,2024-12-14,0,22,67380,大专及以下,金卡,2024
L001174,C000113,2160000,12,装修贷,3,2024-12-15,0,25,35900,本科,金卡,2023
L001175,C000229,2850000,36,经营贷,10,2024-12-15,0,66,17450,大专及以下,普通,2023
L001176,C000171,4570000,24,消费贷,0,2024-12-16,0,56,87690,大专及以下,普通,2023
L001177,C000295,1960000,36,消费贷,0,2024-12-16,0,24,55900,大专及以下,普通,2020
L001178,C000189,3070000,24,经营贷,60,2024-12-17,1,45,33280,大专及以下,普通,2023
L001179,C000426,1520000,36,消费贷,10,2024-12-18,0,26,78150,本科,金卡,2024
L001180,C000977,140000,48,消费贷,0,2024-12-18,0,63,76950,研究生及以上,金卡,2025
L001181,C000079,3250000,48,装修贷,3,2024-12-19,0,43,56600,大专及以下,金卡,2020
L001182,C000658,1460000,48,经营贷,10,2024-12-20,0,45,38410,本科,普通,2025
L001183,C000919,4260000,48,经营贷,0,2024-12-20,0,32,7290,本科,金卡,2021
L001184,C000182,570000,12,消费贷,30,2024-12-21,1,45,47120,大专及以下,金卡,2024
L001185,C000499,2110000,12,经营贷,0,2024-12-21,0,26,25190,研究生及以上,金卡,2020
L001186,C000798,2680000,36,消费贷,0,2024-12-22,0,54,61470,本科,普通,2025
L001187,C000762,2100000,36,经营贷,90,2024-12-23,1,54,19750,大专及以下,普通,2023
L001188,C000866,170000,48,消费贷,10,2024-12-23,0,26,91940,本科,普通,2021
L001189,C000826,2860000,24,装修贷,0,2024-12-24,0,50,54830,大专及以下,普通,2021
L001190,C000708,3440000,48,消费贷,0,2024-12-24,0,54,34560,本科,普通,2021
L001191,C000835,2030000,36,消费贷,0,2024-12-25,0,42,1210,本科,普通,2024
L001192,C000071,990000,48,经营贷,3,2024-12-26,0,57,1050,大专及以下,普通,2020
L001193,C000248,2790000,36,经营贷,0,2024-12-26,0,23,6360,大专及以下,普通,2024
L001194,C000146,2090000,48,消费贷,60,2024-12-27,1,64,70430,大专及以下,普通,2024
L001195,C000618,1290000,24,经营贷,10,2024-12-27,0,54,40720,本科,普通,2021
L001196,C000775,3350000,48,消费贷,0,2024-12-28,0,70,38880,本科,普通,2022
L001197,C000296,2880000,24,装修贷,0,2024-12-29,0,33,67450,大专及以下,普通,2023
L001198,C000582,2520000,24,装修贷,0,2024-12-29,0,57,39450,大专及以下,钻石,2025
L001199,C000470,2650000,36,消费贷,0,2024-12-30,0,70,57040,大专及以下,金卡,2024
L001200,C000506,2710000,24,装修贷,0,2024-12-31,0,49,54920,大专及以下,普通,2025
